chapter,character,line_number,text_preview,voice_file
"chapter_1","Centered",26,"Chapter One\n\nThe Ordinary World",""
"chapter_1","Narrator",42,"A park bench in Bromley. Nothing special. The same one she's","audio/narrator/chapter_1/line_002_L40.ogg"
"chapter_1","Narrator",45,"She's doing the same thing now, more or less. Except the lib","audio/narrator/chapter_1/line_003_L42.ogg"
"chapter_1","Narrator",47,"Two days. Two days until I leave.",""
"chapter_1","Narrator",50,"Amelia pushes her hair behind her ear — a tic she'll never q","audio/narrator/chapter_1/line_004_L46.ogg"
"chapter_1","Narrator",52,"Right. Focus. If I'm going to show up to a psychology degree",""
"chapter_1","Narrator",55,"She turns a page. Reads the same paragraph for the third tim","audio/narrator/chapter_1/line_005_L50.ogg"
"chapter_1","Narrator",58,"The trees in the park are just beginning to turn. Green-gold","audio/narrator/chapter_1/line_006_L52.ogg"
"chapter_1","Narrator",62,"What catches her attention in the book?",""
"chapter_1","Narrator",68,"System 1 and System 2. Fast thinking and slow thinking. I li",""
"chapter_1","Narrator",70,"She underlines a sentence about anchoring bias. Then underli",""
"chapter_1","Narrator",72,"I want to understand how minds work. Not just in theory — pr",""
"chapter_1","Narrator",74,"A dog barks somewhere across the park. A child laughs. Ameli",""
"chapter_1","Narrator",80,"It's not even on the reading list. She found it in a charity",""
"chapter_1","Narrator",82,"Jung says the unconscious speaks in symbols. In dreams. That",""
"chapter_1","Narrator",84,"She traces her thumb across a mandala illustration. Concentr",""
"chapter_1","Narrator",86,"I want to understand what dreams mean. What it means when yo",""
"chapter_1","Narrator",88,"She turns the page. Someone has written in the margin: Pay a",""
"chapter_1","Narrator",94,"She's not sure why she bought this. It was in the 'Spiritual",""
"chapter_1","Narrator",96,"Bardos. Transitional states. The Tibetans say life itself is",""
"chapter_1","Narrator",98,"The paragraph she keeps returning to describes the moment of",""
"chapter_1","Narrator",100,"I picked this up and I couldn't put it down. I don't know wh",""
"chapter_1","Narrator",102,"A cloud passes over the sun. The amber light dims to grey fo",""
"chapter_1","Narrator",105,"She closes the book and checks her phone. Three missed texts","audio/narrator/chapter_1/line_007_L98.ogg"
"chapter_1","Narrator",117,"She picks up.","audio/narrator/chapter_1/line_009_L108.ogg"
"chapter_1","Ella",119,"Finally! Did you die? You literally haven't replied in four ",""
"chapter_1","Amelia",121,"I was reading.",""
"chapter_1","Ella",123,"You've been reading since May. At some point you're going to",""
"chapter_1","Narrator",126,"Amelia smiles. This is how Ella talks — in lists and accusat","audio/narrator/chapter_1/line_010_L116.ogg"
"chapter_1","Ella",128,"Anyway. Two days.",""
"chapter_1","Amelia",130,"Two days.",""
"chapter_1","Ella",132,"That's... mental, isn't it? Like, actually properly mental.",""
"chapter_1","Narrator",135,"A pause. Just long enough that Amelia hears what Ella isn't ","audio/narrator/chapter_1/line_011_L124.ogg"
"chapter_1","Ella",137,"You're going to be so far away.",""
"chapter_1","Narrator",140,"She says it lightly. But Ella's voice has that thing it does","audio/narrator/chapter_1/line_012_L128.ogg"
"chapter_1","Ella",142,"I mean, not far far. It's Plymouth, not Mars. But still. I w",""
"chapter_1","Narrator",146,"Amelia wants to say the right thing. She's not sure what the",""
"chapter_1","Amelia",153,"Ella. We'll FaceTime every day. I promise. You'll be so sick",""
"chapter_1","Ella",155,"Every day?",""
"chapter_1","Amelia",157,"Every single day. And I'll send you photos of the sea.",""
"chapter_1","Ella",159,"You'd better. And none of that artsy-angled shit. I want bas",""
"chapter_1","Narrator",161,"They both laugh, and the tight thing in Ella's voice loosens",""
"chapter_1","Ella",163,"Okay. Every day. I'm holding you to that.",""
"chapter_1","Amelia",170,"Yeah. It's going to be weird, isn't it? Not seeing each othe",""
"chapter_1","Narrator",172,"Silence. But not a bad silence.",""
"chapter_1","Ella",174,"Yeah. It is.",""
"chapter_1","Amelia",176,"Like... I know we'll be fine. I know that. But it's still go",""
"chapter_1","Ella",178,"It's been you and me since we were, what, twelve? That's mor",""
"chapter_1","Amelia",180,"We'd have been a very boring married couple.",""
"chapter_1","Ella",182,"Speak for yourself. I'd have been thrilling.",""
"chapter_1","Narrator",184,"They laugh, and it's the kind of laugh that lives right next",""
"chapter_1","Ella",186,"...We will be fine though, won't we?",""
"chapter_1","Amelia",188,"Yeah. We will.",""
"chapter_1","Ella",190,"Right. Good. Now go pack. And eat something — I know you hav",""
"chapter_1","Amelia",192,"I ate.",""
"chapter_1","Ella",194,"Liar.",""
"chapter_1","Amelia",196,"I ate a biscuit.",""
"chapter_1","Ella",198,"Amelia.",""
"chapter_1","Amelia",200,"A whole biscuit, Ella. Not even a half.",""
"chapter_1","Ella",202,"I can't believe I'm losing my best friend to the sea and a b",""
"chapter_1","Narrator",205,"They say goodbye the way they always do — no goodbye at all,","audio/narrator/chapter_1/line_013_L192.ogg"
"chapter_1","Narrator",208,"Amelia sits on the bench for another minute. The light is ch","audio/narrator/chapter_1/line_014_L194.ogg"
"chapter_1","Narrator",210,"Two days.",""
"chapter_1","Narrator",226,"Grace has cooked Amelia's favourite. She does this when she'","audio/narrator/chapter_1/line_016_L210.ogg"
"chapter_1","Mrs. James",228,"Sit down, sit down. Lily, put that phone away.",""
"chapter_1","Lily",230,"I'm literally texting one person.",""
"chapter_1","Mrs. James",232,"You can text them after dinner. In this house we eat with ou",""
"chapter_1","Narrator",235,"Lily rolls her eyes but puts the phone face-down on the tabl","audio/narrator/chapter_1/line_017_L218.ogg"
"chapter_1","Narrator",238,"David comes in from washing his hands. He's been working on ","audio/narrator/chapter_1/line_018_L220.ogg"
"chapter_1","Amelia",240,"Dad, I can—",""
"chapter_1","Mr. James",242,"Eat. You'll be living on pot noodles in a week. Let me have ",""
"chapter_1","Narrator",245,"He says it like a joke. It's not entirely a joke.","audio/narrator/chapter_1/line_019_L226.ogg"
"chapter_1","Narrator",248,"They eat. Grace asks about packing. Amelia says it's fine. L","audio/narrator/chapter_1/line_020_L228.ogg"
"chapter_1","Narrator",251,"Then the conversation shifts. David puts his fork down.","audio/narrator/chapter_1/line_021_L230.ogg"
"chapter_1","Mr. James",253,"So. Plymouth.",""
"chapter_1","Amelia",255,"Plymouth.",""
"chapter_1","Mr. James",257,"What are you... hoping for? From it.",""
"chapter_1","Narrator",260,"Grace looks at Amelia. Lily looks at her phone under the tab","audio/narrator/chapter_1/line_022_L238.ogg"
"chapter_1","Narrator",264,"It's the kind of question that sounds simple and isn't.",""
"chapter_1","Amelia",271,"I want to be the first person in our family with a degree.",""
"chapter_1","Narrator",273,"The table goes quiet. Grace's eyes shine.",""
"chapter_1","Mr. James",275,"You know that's not why we—",""
"chapter_1","Amelia",277,"I know. I know it's not why you're sending me. But it matter",""
"chapter_1","Narrator",279,"David nods. Slowly. His jaw works like he's chewing on words",""
"chapter_1","Mr. James",281,"Your granddad worked the docks for forty years. Your mum gre",""
"chapter_1","Mrs. James",283,"David.",""
"chapter_1","Mr. James",285,"I'm just saying. We're proud of you. Whatever happens.",""
"chapter_1","Narrator",287,"He picks his fork back up. Subject closed. But his eyes are ",""
"chapter_1","Amelia",294,"I just want to figure out who I am, honestly.",""
"chapter_1","Narrator",296,"A beat.",""
"chapter_1","Mrs. James",298,"You're Amelia James. You're our daughter. You're brilliant.",""
"chapter_1","Amelia",300,"No, I mean — I know who I am here. In this kitchen, in Broml",""
"chapter_1","Narrator",302,"Lily looks up from her phone. For once, she's listening.",""
"chapter_1","Mr. James",304,"That's... actually quite a mature thing to say.",""
"chapter_1","Lily",306,"Don't sound so shocked, Dad.",""
"chapter_1","Narrator",308,"They laugh. Grace reaches across the table and squeezes Amel",""
"chapter_1","Mrs. James",310,"You'll find out. And whoever you find — bring her home for C",""
"chapter_1","Amelia",317,"I've been reading about some really interesting stuff. Not j",""
"chapter_1","Mrs. James",319,"Like what kind of older traditions?",""
"chapter_1","Amelia",321,"Well, like... did you know that alchemy wasn't just about tu",""
"chapter_1","Narrator",323,"David blinks.",""
"chapter_1","Mr. James",325,"Right.",""
"chapter_1","Lily",327,"Nerd.",""
"chapter_1","Mrs. James",329,"Lily.",""
"chapter_1","Lily",331,"I didn't say it was bad! I said she's a nerd. Nerds are doin",""
"chapter_1","Amelia",333,"Thanks, Lily. I'll treasure that.",""
"chapter_1","Narrator",338,"They finish dinner. Grace insists on seconds. David washes u","audio/narrator/chapter_1/line_023_L315.ogg"
"chapter_1","Narrator",341,"Amelia stands at the kitchen door for a moment, watching the","audio/narrator/chapter_1/line_024_L317.ogg"
"chapter_1","Narrator",343,"I am going to miss this so much.",""
"chapter_1","Narrator",354,"Her room is in that strange half-state between lived-in and ","audio/narrator/chapter_1/line_025_L329.ogg"
"chapter_1","Narrator",357,"She sits on the bed. Around her: clothes folded by Grace (to","audio/narrator/chapter_1/line_026_L331.ogg"
"chapter_1","Narrator",359,"Okay. Clothes, check. Books, check. Laptop, check. The fairy",""
"chapter_1","Narrator",362,"She pauses. She's forgotten to pack the fairy lights. She un","audio/narrator/chapter_1/line_027_L335.ogg"
"chapter_1","Narrator",364,"Right. One more thing. There's space for one more thing.",""
"chapter_1","Narrator",367,"She looks around the room.","audio/narrator/chapter_1/line_028_L339.ogg"
"chapter_1","Narrator",371,"She can only fit one more thing. What does she take?",""
"chapter_1","Narrator",379,"Piaget. Erikson. Milgram. Pavlov. The entire foundation of m",""
"chapter_1","Narrator",383,"I'm as ready as I'll ever be. Which is to say: not ready at ",""
"chapter_1","Narrator",392,"She picks up the photo from her bedside table. It's in a fra",""
"chapter_1","Narrator",394,"In the picture, they're seventeen. Ella's dress is too big. ",""
"chapter_1","Narrator",396,"She painted this frame. Made me promise to keep it 'somewher",""
"chapter_1","Narrator",398,"She wraps it in a jumper and tucks it into the box. She'll p",""
"chapter_1","Narrator",404,"She picks up the journal from the shelf. She bought it three",""
"chapter_1","Narrator",406,"It's completely empty.",""
"chapter_1","Narrator",408,"I don't know what this is for yet. Notes? Thoughts? A diary?",""
"chapter_1","Narrator",410,"She runs her thumb along the spine. The leather is soft. It ",""
"chapter_1","Narrator",412,"For whatever comes next.",""
"chapter_1","Narrator",414,"She puts it in her bag, next to her phone charger and her he",""
"chapter_1","Narrator",417,"She zips the last box. Stands up. Looks at the room.","audio/narrator/chapter_1/line_029_L388.ogg"
"chapter_1","Narrator",420,"The Blu-Tack marks on the wall where the posters were. The d","audio/narrator/chapter_1/line_030_L390.ogg"
"chapter_1","Narrator",422,"This room will still be here. But it won't be mine anymore. ",""
"chapter_1","Narrator",425,"She turns off the light.","audio/narrator/chapter_1/line_031_L394.ogg"
"chapter_1","Narrator",438,"The bell above the door makes a sound that hasn't changed in","audio/narrator/chapter_1/line_032_L406.ogg"
"chapter_1","Narrator",441,"Mr. Osei is behind the counter, peering at a book through th","audio/narrator/chapter_1/line_033_L408.ogg"
"chapter_1","Mr_osei",443,"Amelia James. My best customer.",""
"chapter_1","Amelia",445,"Mr. Osei, I'm probably your only customer.",""
"chapter_1","Mr_osei",447,"Then best and only. That's even more impressive.",""
"chapter_1","Narrator",450,"He comes out from behind the counter. He moves slowly — he's","audio/narrator/chapter_1/line_034_L416.ogg"
"chapter_1","Mr_osei",452,"Tomorrow, then?",""
"chapter_1","Amelia",454,"Tomorrow.",""
"chapter_1","Mr_osei",456,"Plymouth. Psychology.",""
"chapter_1","Amelia",458,"That's the one.",""
"chapter_1","Mr_osei",460,"Good city. Good university. The sea will do you good. London",""
"chapter_1","Narrator",463,"He looks at her the way he always does — like he's filing he","audio/narrator/chapter_1/line_035_L428.ogg"
"chapter_1","Mr_osei",465,"You'll want a book, then. A leaving gift.",""
"chapter_1","Amelia",467,"Mr. Osei, you don't have to—",""
"chapter_1","Mr_osei",469,"I'm not giving it to you. I'm selling it. At a modest discou",""
"chapter_1","Narrator",472,"He gestures at the shop.","audio/narrator/chapter_1/line_036_L436.ogg"
"chapter_1","Mr_osei",474,"Browse.",""
"chapter_1","Narrator",477,"She does. The shop smells of old paper and wood polish and t","audio/narrator/chapter_1/line_037_L440.ogg"
"chapter_1","Narrator",480,"She wanders between the shelves. Self-help (she avoids). Fic","audio/narrator/chapter_1/line_038_L442.ogg"
"chapter_1","Narrator",483,"And in the back — the shelf she's always been a little curio","audio/narrator/chapter_1/line_039_L444.ogg"
"chapter_1","Mr_osei",495,"Ah. Sensible.",""
"chapter_1","Amelia",497,"Is that a compliment or a criticism?",""
"chapter_1","Mr_osei",499,"From me? Always both.",""
"chapter_1","Mr_osei",503,"Study hard. But not too hard. Leave room for the things you ",""
"chapter_1","Narrator",509,"It's barely a book — more like a pamphlet. Letters to a Youn",""
"chapter_1","Narrator",511,"\""You must change your life.\""",""
"chapter_1","Narrator",513,"That's... not comforting, Rilke. But maybe comfort isn't the",""
"chapter_1","Narrator",515,"She turns to the first letter. Written in 1903 to a young ma",""
"chapter_1","Narrator",517,"If you can survive the solitude.",""
"chapter_1","Mr_osei",519,"Good choice. That one will find you when you need it.",""
"chapter_1","Narrator",521,"He wraps it carefully, as though it were made of glass.",""
"chapter_1","Narrator",528,"She doesn't know why she goes to the back shelf. Call it cur",""
"chapter_1","Narrator",530,"The cover is brown leather, worn smooth at the edges. Gold l",""
"chapter_1","Narrator",532,"She opens it. The pages are thick, old, cream-coloured. And ",""
"chapter_1","Narrator",534,"Handwritten. Neat, old-fashioned cursive:",""
"chapter_1","Narrator",536,"\""The stone is not a stone. The fire is not a fire. Seek the",""
"chapter_1","Narrator",538,"...What?",""
"chapter_1","Narrator",540,"She turns it over. Nothing on the back. No name, no date.",""
"chapter_1","Narrator",542,"She looks at the first page. An illustration of a sunrise ov",""
"chapter_1","Narrator",544,"\""Nature is the physician of herself, and to know the proces",""
"chapter_1","Narrator",546,"I don't understand half of this. But something about it feel",""
"chapter_1","Mr_osei",548,"Ah.",""
"chapter_1","Mr_osei",552,"That one's been here a long time. I wondered who it was for.",""
"chapter_1","Amelia",554,"It's about alchemy?",""
"chapter_1","Mr_osei",556,"It's about transformation. Same thing, depending on who you ",""
"chapter_1","Mr_osei",560,"That one's on the house. Consider it a farewell from the sho",""
"chapter_1","Amelia",562,"Mr. Osei—",""
"chapter_1","Mr_osei",564,"Take it, Amelia. Some books choose their readers.",""
"chapter_1","Narrator",568,"Seek the pellar where the land meets the sea. I don't even k",""
"chapter_1","Narrator",571,"The bell rings again as she leaves. She pauses on the doorst","audio/narrator/chapter_1/line_040_L531.ogg"
"chapter_1","Narrator",574,"She doesn't notice the symbol carved into the door frame at ","audio/narrator/chapter_1/line_041_L533.ogg"
"chapter_1","Narrator",587,"She walks along the South Bank because she needs to walk and","audio/narrator/chapter_1/line_042_L545.ogg"
"chapter_1","Narrator",590,"London at night. The Tate Modern glowing on the opposite ban","audio/narrator/chapter_1/line_043_L547.ogg"
"chapter_1","Narrator",593,"It's cold for September. She's wearing the corduroy jacket a","audio/narrator/chapter_1/line_044_L549.ogg"
"chapter_1","Narrator",602,"Below her, the river moves. It always moves. It doesn't care","audio/narrator/chapter_1/line_047_L555.ogg"
"chapter_1","Narrator",606,"She stands there, and something rises in her.",""
"chapter_1","Narrator",613,"I'm going to make everyone proud.",""
"chapter_1","Narrator",615,"The thought arrives like a resolution. Clear and bright and ",""
"chapter_1","Narrator",617,"Mum and Dad. Ella. Mr. Osei. The teachers who wrote my refer",""
"chapter_1","Narrator",619,"She tightens her grip on the railing.",""
"chapter_1","Narrator",621,"I'm going to get a first. I'm going to understand psychology",""
"chapter_1","Narrator",623,"The river doesn't respond. It just keeps moving.",""
"chapter_1","Narrator",625,"And when I come back, I'll come back different. Better. Some",""
"chapter_1","Narrator",627,"It's a good thought. A strong thought. The kind of thought t",""
"chapter_1","Narrator",629,"Whether it's enough to keep warm through winter — she'll fin",""
"chapter_1","Narrator",635,"I'm terrified and I don't know if I can do this.",""
"chapter_1","Narrator",637,"The thought arrives like a wave — the kind you don't see com",""
"chapter_1","Narrator",639,"What if I'm not smart enough? What if everyone else is smart",""
"chapter_1","Narrator",641,"She grips the railing. Breathes.",""
"chapter_1","Narrator",643,"Okay. Okay.",""
"chapter_1","Narrator",645,"She breathes again. The river doesn't care. That's almost co",""
"chapter_1","Narrator",647,"It's okay to be scared. That's what Dr. Williams said in the",""
"chapter_1","Narrator",649,"She looks at the water. Black and gold. Moving.",""
"chapter_1","Narrator",651,"I'm terrified. And I'm going anyway. And maybe that's enough",""
"chapter_1","Narrator",653,"It's not a triumphant feeling. It's a quiet one. But it hold",""
"chapter_1","Narrator",659,"She doesn't think.",""
"chapter_1","Narrator",661,"She watches.",""
"chapter_1","Narrator",663,"The water moves. Streetlight catches it in lines and lets it",""
"chapter_1","Narrator",665,"She watches that too.",""
"chapter_1","Narrator",667,"There's a word for this — she read it somewhere. Sonder. The",""
"chapter_1","Narrator",669,"But this isn't sonder. This is the river version. The realis",""
"chapter_1","Narrator",671,"It just moves.",""
"chapter_1","Narrator",673,"And something in her — the anxious, planning, over-reading p",""
"chapter_1","Narrator",675,"...",""
"chapter_1","Narrator",677,"She stands there until the cold gets too much. Then she walk",""
"chapter_1","Narrator",691,"Midnight.","audio/narrator/chapter_1/line_048_L643.ogg"
"chapter_1","Narrator",694,"Her room is boxes and bare walls and the ghost-shapes of thi","audio/narrator/chapter_1/line_049_L645.ogg"
"chapter_1","Narrator",697,"She's in bed. The duvet is the same one she's had since Year","audio/narrator/chapter_1/line_050_L647.ogg"
"chapter_1","Narrator",700,"Downstairs, she can hear her parents. Not the words — just t","audio/narrator/chapter_1/line_051_L649.ogg"
"chapter_1","Narrator",705,"I am eighteen years old and I have never lived more than for","audio/narrator/chapter_1/line_052_L651.ogg"
"chapter_1","Narrator",708,"She stares at the ceiling. The glow-in-the-dark stars are st","audio/narrator/chapter_1/line_053_L655.ogg"
"chapter_1","Narrator",710,"Tomorrow I will sit in a car with my dad for four hours and ",""
"chapter_1","Narrator",713,"Her phone lights up on the pillow beside her.","audio/narrator/chapter_1/line_054_L659.ogg"
"chapter_1","Narrator",717,"A text from Ella:","audio/narrator/chapter_1/line_055_L662.ogg"
"chapter_1","Narrator",719,"you're going to be amazing. don't forget me x",""
"chapter_1","Narrator",722,"She picks up the phone. Types a reply. Deletes it. Types ano","audio/narrator/chapter_1/line_056_L666.ogg"
"chapter_1","Narrator",725,"She puts the phone down.","audio/narrator/chapter_1/line_057_L668.ogg"
"chapter_1","Narrator",727,"I won't forget you. How could I forget you? You're the reale",""
"chapter_1","Narrator",730,"She closes her eyes.","audio/narrator/chapter_1/line_058_L672.ogg"
"chapter_1","Narrator",733,"Sleep comes slowly, in pieces, like a tide coming in — retre","audio/narrator/chapter_1/line_059_L674.ogg"
"chapter_1","Narrator",736,"At some point, the night ends.","audio/narrator/chapter_1/line_060_L676.ogg"
"chapter_1","Centered",743,"End of Chapter One",""
"chapter_10","Centered",23,"Chapter Ten\n\nThe Road Back",""
"chapter_10","Narrator",36,"The train from Plymouth to Paddington takes three hours and ",""
"chapter_10","Narrator",38,"Amelia watches the landscape change — Cornwall's granite and",""
"chapter_10","Narrator",43,"At Reading, the buildings multiply. At Slough, the sky gets ",""
"chapter_10","Narrator",45,"London.",""
"chapter_10","Narrator",47,"It's the same. Of course it is. The Tube is the same. The es",""
"chapter_10","Narrator",49,"But she sees it differently.",""
"chapter_10","Narrator",51,"I used to be part of this. This flow. This automatic life. I",""
"chapter_10","Narrator",53,"She walks from the station. Her bag is heavy. The streets ar",""
"chapter_10","Narrator",62,"The front door.",""
"chapter_10","Narrator",64,"Amelia puts her key in the lock and the smell hits her first",""
"chapter_10","Mrs. James",66,"Amelia!",""
"chapter_10","Narrator",68,"Grace appears from the kitchen. The hug is immediate, envelo",""
"chapter_10","Mrs. James",70,"Let me look at you. Oh, you've lost weight. Have you been ea",""
"chapter_10","Amelia",72,"Mum, I've been eating fine.",""
"chapter_10","Mrs. James",74,"You look tired.",""
"chapter_10","Amelia",76,"I'm a student. We're all tired.",""
"chapter_10","Narrator",78,"Grace holds her at arm's length. Studies her. Mothers see ev",""
"chapter_10","Mrs. James",80,"Something happened.",""
"chapter_10","Narrator",82,"It's not a question.",""
"chapter_10","Amelia",84,"A lot of things happened. I'll tell you about them.",""
"chapter_10","Mrs. James",86,"At dinner. Your father's making bolognese.",""
"chapter_10","Mr. James",88,"I'm not making bolognese, I'm making a ragù. There's a diffe",""
"chapter_10","Narrator",90,"David appears. The hug is shorter, tighter, more contained.",""
"chapter_10","Mr. James",92,"Good to have you back.",""
"chapter_10","Amelia",94,"Good to be back.",""
"chapter_10","Amelia",98,"How's Lily?",""
"chapter_10","Narrator",100,"Grace's face does something complicated.",""
"chapter_10","Mrs. James",102,"She's... sixteen.",""
"chapter_10","Narrator",112,"The café in Bloomsbury. Their café — they've been coming her",""
"chapter_10","Narrator",114,"Ella is already there.",""
"chapter_10","Narrator",116,"She stands up. She's wearing a new jacket — leather, vintage",""
"chapter_10","Ella",118,"Oh my God.",""
"chapter_10","Narrator",120,"The hug is long.",""
"chapter_10","Ella",122,"You look different.",""
"chapter_10","Amelia",124,"You look different.",""
"chapter_10","Ella",126,"Good different?",""
"chapter_10","Amelia",128,"Always good different.",""
"chapter_10","Narrator",130,"They sit. The coffee arrives. The barista calls Ella 'Emily.",""
"chapter_10","Narrator",132,"And then—",""
"chapter_10","Narrator",134,"The gap.",""
"chapter_10","Ella",138,"So. Tell me everything.",""
"chapter_10","Narrator",145,"Seven months. A lifetime. How much does Amelia share?",""
"chapter_10","Narrator",153,"She tells her.",""
"chapter_10","Narrator",155,"Not all of it — not in order, not neatly. But the real thing",""
"chapter_10","Narrator",157,"Sarah.",""
"chapter_10","Amelia",159,"My friend tried to kill herself. And I—",""
"chapter_10","Ella",163,"You don't have to—",""
"chapter_10","Amelia",165,"I want to. I need to tell someone who knew me before.",""
"chapter_10","Narrator",167,"She tells Ella about the hospital. The waiting room. The flu",""
"chapter_10","Narrator",169,"Ella doesn't interrupt. She doesn't say 'oh my God' or 'how ",""
"chapter_10","Ella",171,"And you? How are you?",""
"chapter_10","Amelia",173,"I'm — I don't know. I'm different. I'm not the Amelia who ca",""
"chapter_10","Ella",175,"That's okay. I'm not the same Ella either.",""
"chapter_10","Amelia",177,"No?",""
"chapter_10","Ella",179,"I've started painting again. Properly. Not for anyone — for ",""
"chapter_10","Amelia",181,"Ella.",""
"chapter_10","Ella",183,"I know. It's terrifying.",""
"chapter_10","Narrator",185,"They look at each other. The real versions of themselves. Me",""
"chapter_10","Amelia",187,"I'm proud of you.",""
"chapter_10","Ella",189,"I'm proud of you.",""
"chapter_10","Narrator",196,"She tells Ella about the good things. The essays. The Hoe at",""
"chapter_10","Narrator",198,"She mentions Sarah. But carefully.",""
"chapter_10","Amelia",200,"A friend had a really difficult time. She's getting help now",""
"chapter_10","Ella",202,"Are you okay?",""
"chapter_10","Amelia",204,"I'm getting there.",""
"chapter_10","Narrator",206,"Ella looks at her. Ella always could read her.",""
"chapter_10","Ella",208,"You're not telling me everything.",""
"chapter_10","Amelia",210,"Not today. But I will.",""
"chapter_10","Ella",212,"Promise?",""
"chapter_10","Amelia",214,"Promise.",""
"chapter_10","Narrator",216,"The promise sits between them. Real.",""
"chapter_10","Narrator",222,"She does the Amelia-and-Ella greatest hits.",""
"chapter_10","Narrator",224,"The barista joke. The story about the sixth-form geography t",""
"chapter_10","Narrator",226,"Ella laughs. They both laugh. It's easy and warm and complet",""
"chapter_10","Narrator",228,"Underneath the performance, the distance grows.",""
"chapter_10","Ella",230,"Amelia.",""
"chapter_10","Amelia",232,"Yeah?",""
"chapter_10","Ella",234,"You're doing the thing.",""
"chapter_10","Amelia",236,"What thing?",""
"chapter_10","Ella",238,"The thing where you smile and say the right things and none ",""
"chapter_10","Narrator",240,"Silence.",""
"chapter_10","Ella",242,"I've known you since we were fourteen. You can't fake it wit",""
"chapter_10","Narrator",244,"But Amelia can. That's the terrible thing. She can.",""
"chapter_10","Amelia",246,"I'm fine, Els. Really.",""
"chapter_10","Narrator",248,"Ella lets it go. But something in her eyes closes.",""
"chapter_10","Narrator",257,"Dinner.",""
"chapter_10","Narrator",259,"David's ragù is — it's always been the same ragù. Slow-cooke",""
"chapter_10","Narrator",261,"Lily appears. She's taller. Or Amelia is shorter. The headph",""
"chapter_10","Lily",263,"Hey.",""
"chapter_10","Amelia",265,"Hey yourself. You grew.",""
"chapter_10","Lily",267,"That's what happens.",""
"chapter_10","Narrator",269,"The four of them eat. Grace asks questions — modules, grades",""
"chapter_10","Narrator",271,"Normal things.",""
"chapter_10","Narrator",273,"Then Grace puts down her fork.",""
"chapter_10","Mrs. James",275,"Amelia. We've been worried.",""
"chapter_10","Mrs. James",279,"Your calls have been shorter. And sometimes you sound — I do",""
"chapter_10","Narrator",286,"Grace and David are looking at their daughter. Waiting.",""
"chapter_10","Amelia",292,"You're right. I've been far away.",""
"chapter_10","Narrator",294,"She doesn't tell them everything. She doesn't tell them abou",""
"chapter_10","Amelia",298,"I'm not the same person who got on that train in September. ",""
"chapter_10","Narrator",300,"Grace is crying. Quietly. She's always cried quietly.",""
"chapter_10","Narrator",302,"David puts down his knife and fork.",""
"chapter_10","Mr. James",304,"That sounds about right.",""
"chapter_10","Amelia",306,"Dad?",""
"chapter_10","Mr. James",308,"Different is what university's for. We didn't send you to Pl",""
"chapter_10","Narrator",310,"A pause.",""
"chapter_10","Mr. James",312,"Have you? Found out?",""
"chapter_10","Amelia",314,"I'm working on it.",""
"chapter_10","Mr. James",316,"Good enough.",""
"chapter_10","Narrator",318,"Grace wipes her eyes and reaches across the table for Amelia",""
"chapter_10","Mrs. James",320,"We're proud of you. Whatever you found out.",""
"chapter_10","Amelia",326,"It's been intense. But good? I think good.",""
"chapter_10","Narrator",328,"She tells them about the essays, the marks, the improvement.",""
"chapter_10","Narrator",330,"She makes it sound like an adventure. Which it was. But she ",""
"chapter_10","Mrs. James",332,"And your friends? You talk about them a lot.",""
"chapter_10","Amelia",334,"They're the best. Truly.",""
"chapter_10","Narrator",336,"Grace looks satisfied. David nods.",""
"chapter_10","Narrator",338,"She's protected them. That's what children do, eventually — ",""
"chapter_10","Amelia",343,"Can we just — not do the deep conversation tonight? I just g",""
"chapter_10","Mrs. James",345,"Of course. Yes. Of course.",""
"chapter_10","Narrator",347,"But Grace's hand shakes slightly as she picks up her fork. A",""
"chapter_10","Narrator",349,"The dinner is pleasant and careful and Amelia hates every mi",""
"chapter_10","Narrator",358,"Late evening. Amelia knocks on Lily's door.",""
"chapter_10","Lily",360,"What?",""
"chapter_10","Amelia",362,"Can I come in?",""
"chapter_10","Lily",366,"Fine.",""
"chapter_10","Narrator",370,"She's always drawn. But this is different. This is serious.",""
"chapter_10","Amelia",372,"These are good.",""
"chapter_10","Lily",374,"They're okay.",""
"chapter_10","Amelia",376,"Lily, they're really good.",""
"chapter_10","Narrator",378,"Lily shrugs. But her shoulders unknot slightly.",""
"chapter_10","Amelia",380,"How's school?",""
"chapter_10","Lily",382,"Fine.",""
"chapter_10","Amelia",384,"How's really?",""
"chapter_10","Narrator",386,"Lily looks at her. The calculation of a sixteen-year-old dec",""
"chapter_10","Lily",388,"Since you left — it's been weird.",""
"chapter_10","Amelia",390,"Weird how?",""
"chapter_10","Lily",392,"Mum's anxious all the time. She checks on me, like, constant",""
"chapter_10","Amelia",394,"I'm sorry.",""
"chapter_10","Lily",396,"It's not your fault. It's just — it was better when you were",""
"chapter_10","Narrator",398,"Oh.",""
"chapter_10","Lily",400,"And school is — I don't know. Everyone's so loud. And fake. ",""
"chapter_10","Amelia",402,"Not?",""
"chapter_10","Lily",404,"Not unhappy. Just... tired of pretending.",""
"chapter_10","Narrator",411,"Lily is sixteen and trying to be honest. This is new.",""
"chapter_10","Narrator",419,"She sits on Lily's bed.",""
"chapter_10","Amelia",421,"Can I tell you something?",""
"chapter_10","Lily",423,"If it's advice about studying harder—",""
"chapter_10","Amelia",425,"It's not.",""
"chapter_10","Narrator",427,"She looks at her sister.",""
"chapter_10","Amelia",429,"The first month at Plymouth, I thought I'd made a terrible m",""
"chapter_10","Lily",431,"That's not the same—",""
"chapter_10","Amelia",433,"I know. But the principle is the same. You don't have to pre",""
"chapter_10","Narrator",435,"Lily is quiet.",""
"chapter_10","Amelia",437,"And your art is brilliant. Really. Have you thought about do",""
"chapter_10","Lily",439,"Mum wants me to do STEM.",""
"chapter_10","Amelia",441,"Mum wants you to be happy. She just doesn't know that art an",""
"chapter_10","Narrator",443,"Lily's eyes are bright.",""
"chapter_10","Lily",445,"You're different.",""
"chapter_10","Amelia",447,"I know.",""
"chapter_10","Lily",449,"Good different.",""
"chapter_10","Amelia",451,"I hope so.",""
"chapter_10","Narrator",453,"Lily, for the first time in perhaps three years, leans her h",""
"chapter_10","Amelia",460,"I don't know what to say.",""
"chapter_10","Lily",462,"That's refreshing. Everyone else pretends to know.",""
"chapter_10","Amelia",464,"I mean — I've had a big year. I've learned some things. But ",""
"chapter_10","Lily",466,"Good. Because the last three people who tried sounded like a",""
"chapter_10","Narrator",468,"She laughs despite herself.",""
"chapter_10","Amelia",470,"Look. I don't have answers. But I have ears. And a sister wh",""
"chapter_10","Lily",472,"You're just saying that.",""
"chapter_10","Amelia",474,"I'm not. I wish someone had told me at sixteen that it's oka",""
"chapter_10","Narrator",476,"Lily nods. Slowly.",""
"chapter_10","Lily",478,"Thanks.",""
"chapter_10","Amelia",480,"Anytime. I mean it.",""
"chapter_10","Amelia",486,"School's hard for everyone at your age. It gets better.",""
"chapter_10","Narrator",488,"The generic response. The one adults give when they're not r",""
"chapter_10","Lily",490,"Right. Sure.",""
"chapter_10","Narrator",492,"The conversation dies. Lily puts her headphones back on.",""
"chapter_10","Narrator",494,"Amelia leaves. She's thinking about Plymouth, about Sarah, a",""
"chapter_10","Narrator",496,"She doesn't notice the way Lily's shoulders curl inward when",""
"chapter_10","Narrator",506,"Tuesday. Amelia goes out alone.",""
"chapter_10","Narrator",508,"London in April. Cherry blossom in every park, drifting like",""
"chapter_10","Narrator",510,"She walks.",""
"chapter_10","Narrator",520,"Where does she go?",""
"chapter_10","Narrator",529,"The bookshop in Cecil Court. The dusty window. The bell. Mr.",""
"chapter_10","Narrator",531,"She goes straight to the Esoterica shelf.",""
"chapter_10","Narrator",533,"The Paracelsus is gone — she bought it in September. But in ",""
"chapter_10","Narrator",535,"The Chemical Wedding of Christian Rosenkreutz. 1616. Not the",""
"chapter_10","Narrator",537,"She opens it.",""
"chapter_10","Narrator",539,"And there, tucked between the pages, another note. Handwritt",""
"chapter_10","Narrator",543,"Elena?",""
"chapter_10","Narrator",545,"She buys the book. £4.50. She reads it on the Tube home and ",""
"chapter_10","Narrator",554,"The South Bank. The same bench. September's bench.",""
"chapter_10","Narrator",556,"She sat here the night before leaving. She was terrified and",""
"chapter_10","Narrator",558,"She sits again.",""
"chapter_10","Narrator",560,"The river is the same. Brown, wide, patient. The boats pass.",""
"chapter_10","Narrator",562,"But the woman sitting on the bench is not the same woman who",""
"chapter_10","Narrator",564,"I sat here and I was afraid of everything. I was afraid of n",""
"chapter_10","Narrator",566,"I'm still afraid. But now I know what bravery actually looks",""
"chapter_10","Narrator",568,"The river. The same river.",""
"chapter_10","Narrator",570,"No. Not the same. You can't step in the same river twice.",""
"chapter_10","Narrator",579,"The park.",""
"chapter_10","Narrator",583,"The bench. Their bench — hers and Ella's, from all those sum",""
"chapter_10","Narrator",585,"She sits.",""
"chapter_10","Narrator",587,"The ducks are the same ducks. Or their descendants. The pond",""
"chapter_10","Narrator",591,"I was them. Six months ago, I was them.",""
"chapter_10","Narrator",593,"She takes out her notebook and writes. Not about the past. A",""
"chapter_10","Narrator",603,"The last evening.",""
"chapter_10","Narrator",605,"Her bag is packed. The train is at 10:15 tomorrow.",""
"chapter_10","Narrator",607,"Grace has cooked too much food — always too much food, as if",""
"chapter_10","Narrator",609,"Lily gave her a drawing. A small one, pencil, of a wren. She",""
"chapter_10","Narrator",611,"She doesn't know about Sarah's tattoo. But she drew a wren a",""
"chapter_10","Narrator",623,"Grace's scarf. The green one, cashmere, that smells of her p",""
"chapter_10","Mrs. James",625,"Take it. I know it's almost summer but — take it.",""
"chapter_10","Amelia",627,"Mum—",""
"chapter_10","Mrs. James",629,"Please.",""
"chapter_10","Narrator",631,"She takes it.",""
"chapter_10","Narrator",633,"On the train, she wraps it around her neck even though it's ",""
"chapter_10","Narrator",638,"A sketchbook. Lily's recommendation.",""
"chapter_10","Lily",640,"You don't have to draw. You can write in it. Or paste things",""
"chapter_10","Narrator",642,"Amelia buys one from the art shop in Covent Garden. Hardcove",""
"chapter_10","Narrator",644,"On the train she opens it and draws — badly, wonderfully — t",""
"chapter_10","Narrator",649,"She takes herself. And the drawing from Lily, and the card f",""
"chapter_10","Narrator",651,"That's enough.",""
"chapter_10","Narrator",653,"On the train, she reads. The book doesn't matter. What matte",""
"chapter_10","Narrator",662,"Paddington. The station swallows everyone and spits them ont",""
"chapter_10","Narrator",664,"The train moves. London falls away — the density thinning, t",""
"chapter_10","Narrator",666,"At Reading, she texts Raj:",""
"chapter_10","Narrator",668,"amelia: on my way back. eta 1:30. any daal left?",""
"chapter_10","Narrator",670,"raj: always.",""
"chapter_10","Narrator",672,"She puts her phone down. Watches England scroll past.",""
"chapter_10","Narrator",674,"I went home. And home was smaller. Or I was bigger.",""
"chapter_10","Narrator",676,"Both, maybe.",""
"chapter_10","Narrator",678,"Somerset. Devon. Then — there — the first glimpse of the coa",""
"chapter_10","Narrator",680,"I'm going back. Not because I have to. Because I choose to.",""
"chapter_10","Narrator",682,"The train crosses into Cornwall. The light changes — brighte",""
"chapter_10","Narrator",684,"One more term. Then exams. Then summer. Then whatever comes ",""
"chapter_10","Narrator",686,"I don't know what comes next.",""
"chapter_10","Narrator",688,"But I'm not afraid of not knowing anymore.",""
"chapter_10","Centered",698,"End of Chapter Ten",""
"chapter_11","Centered",23,"Chapter Eleven\n\nThe Resurrection",""
"chapter_11","Narrator",36,"May.",""
"chapter_11","Narrator",40,"Revision timetables on every wall. Library seats fought over",""
"chapter_11","Narrator",42,"Amelia walks to the library. She has a seat now — not by the",""
"chapter_11","Narrator",44,"She's ready. Or as ready as anyone can be.",""
"chapter_11","Narrator",53,"The first exam: Developmental Psychology. Two hours. Four qu",""
"chapter_11","Narrator",55,"She opens the paper.",""
"chapter_11","Narrator",57,"'Critically evaluate the role of early attachment relationsh",""
"chapter_11","Narrator",59,"Bowlby. Ainsworth. The strange situation. Disorganised attac",""
"chapter_11","Narrator",61,"But it's not just theory anymore. It's Sarah's face in the h",""
"chapter_11","Narrator",63,"I know this. Not because I read it. Because I lived it.",""
"chapter_11","Narrator",71,"The exam paper. Two hours. The pressure is a physical thing.",""
"chapter_11","Narrator",78,"She writes.",""
"chapter_11","Narrator",84,"I did that. Not perfectly. But truly.",""
"chapter_11","Narrator",90,"Her hand shakes for the first ten minutes.",""
"chapter_11","Narrator",92,"The words come — slowly, like pulling teeth. But they come.",""
"chapter_11","Narrator",94,"She writes a solid answer. Not brilliant. Not inspired. But ",""
"chapter_11","Narrator",96,"I'm going to pass. That's enough. Right now, that's enough.",""
"chapter_11","Narrator",102,"She stares at the paper.",""
"chapter_11","Narrator",104,"Twenty minutes pass. She writes a sentence. Crosses it out. ",""
"chapter_11","Narrator",106,"The exam hall is enormous and full of scribbling and she can",""
"chapter_11","Narrator",108,"She submits something. It's not her best. It might not be en",""
"chapter_11","Narrator",110,"I should have asked for mitigating circumstances. I should h",""
"chapter_11","Narrator",113,"The exam paper. Two hours. She knows this.",""
"chapter_11","Narrator",120,"She writes.",""
"chapter_11","Narrator",126,"I know who I am when I write. That took a year to learn.",""
"chapter_11","Narrator",132,"The nerves come. Of course they do.",""
"chapter_11","Narrator",136,"By the end, she's written something solid. Not perfect. Good",""
"chapter_11","Narrator",138,"I did it. It's done.",""
"chapter_11","Narrator",147,"Between exams.",""
"chapter_11","Narrator",150,"Sophia finds her in the library.",""
"chapter_11","Sophia",152,"I need a study partner for Research Methods. You're the only",""
"chapter_11","Amelia",154,"That's not true. You understand it better than I do.",""
"chapter_11","Sophia",156,"I understand it theoretically. You understand it intuitively",""
"chapter_11","Narrator",158,"She sits down. She brought two coffees.",""
"chapter_11","Sophia",160,"I got you an Americano. You always get Americano.",""
"chapter_11","Narrator",162,"She knows my coffee order. When did Sophia Chen start knowin",""
"chapter_11","Narrator",169,"Sophia is offering something. Study partnership. Maybe more.",""
"chapter_11","Narrator",177,"They study.",""
"chapter_11","Narrator",179,"Three days. Every morning. Sophia is brilliant — precise, me",""
"chapter_11","Sophia",181,"The Bonferroni correction is named after an Italian mathemat",""
"chapter_11","Amelia",183,"That's not true.",""
"chapter_11","Sophia",185,"It should be.",""
"chapter_11","Narrator",187,"On the third day, they pack up. Sophia pauses.",""
"chapter_11","Sophia",189,"I was awful to you. At the start. I was competitive and dism",""
"chapter_11","Amelia",191,"Sophia—",""
"chapter_11","Sophia",193,"Let me say this. I was threatened by you. Because you're goo",""
"chapter_11","Narrator",195,"A pause.",""
"chapter_11","Sophia",197,"I'm sorry.",""
"chapter_11","Amelia",199,"Thank you. Genuinely.",""
"chapter_11","Narrator",201,"They walk out of the library together. The sun is warm.",""
"chapter_11","Sophia",203,"Same time tomorrow?",""
"chapter_11","Amelia",205,"Same time tomorrow.",""
"chapter_11","Narrator",208,"Sophia is in the library. Same section. Different table.",""
"chapter_11","Narrator",212,"Sophia glances up. They make eye contact.",""
"chapter_11","Narrator",214,"Amelia nods. Sophia nods.",""
"chapter_11","Narrator",221,"The rivalry had a final flare during revision. Sophia got th",""
"chapter_11","Narrator",227,"I used to need to beat her. I used to check my marks against",""
"chapter_11","Narrator",229,"I don't need that anymore. She's brilliant. I'm different. T",""
"chapter_11","Narrator",231,"She goes back to her notes.",""
"chapter_11","Narrator",240,"Tasha.",""
"chapter_11","Narrator",242,"She's been peripheral all term. After the Instagram thing, a",""
"chapter_11","Narrator",246,"Until today.",""
"chapter_11","Narrator",248,"Amelia is leaving the library. Tasha is sitting on the bench",""
"chapter_11","Narrator",250,"She's not on her phone. She's not doing anything. She's just",""
"chapter_11","Narrator",252,"Amelia almost walks past.",""
"chapter_11","Narrator",254,"Almost.",""
"chapter_11","Amelia",256,"Tasha.",""
"chapter_11","Narrator",258,"Tasha looks up. Her face does the thing — the mask, the armo",""
"chapter_11","Narrator",260,"But it doesn't hold. Something underneath cracks.",""
"chapter_11","Narrator",267,"Tasha is unmasked. This is the moment.",""
"chapter_11","Narrator",275,"She sits.",""
"chapter_11","Narrator",277,"She doesn't say anything. She just sits.",""
"chapter_11","Narrator",279,"A minute passes. Two.",""
"chapter_11","Tasha",281,"My mum's in hospital.",""
"chapter_11","Narrator",283,"The words come out flat. Like stones.",""
"chapter_11","Tasha",285,"She's been in hospital for three months. I didn't tell anyon",""
"chapter_11","Amelia",287,"I'm sorry.",""
"chapter_11","Tasha",289,"She's got MS. They diagnosed her in January. She was fine in",""
"chapter_11","Narrator",291,"Tasha's voice breaks.",""
"chapter_11","Tasha",293,"And I've been here being — being this. This awful person. Be",""
"chapter_11","Narrator",295,"Her hands are shaking.",""
"chapter_11","Tasha",297,"I know that's not an excuse. I know what I did to Zara. I kn",""
"chapter_11","Amelia",299,"It's not an excuse. But it's a reason.",""
"chapter_11","Tasha",301,"I sent Zara a letter. A real one. I don't know if she'll rea",""
"chapter_11","Amelia",303,"She might.",""
"chapter_11","Tasha",305,"I wouldn't. If I were her.",""
"chapter_11","Narrator",307,"They sit on the bench. The campus moves around them. Student",""
"chapter_11","Tasha",309,"Why are you being nice to me? After everything?",""
"chapter_11","Amelia",311,"Because someone was nice to me when I didn't deserve it.",""
"chapter_11","Narrator",313,"Tasha cries. Quietly, privately, on a bench outside the libr",""
"chapter_11","Narrator",315,"Amelia doesn't touch her. She just stays.",""
"chapter_11","Narrator",319,"Until today.",""
"chapter_11","Narrator",323,"Their eyes meet.",""
"chapter_11","Narrator",330,"Tasha. After everything.",""
"chapter_11","Narrator",336,"Amelia keeps walking.",""
"chapter_11","Narrator",338,"I reported her. I confronted her. I stood up. And she's stil",""
"chapter_11","Narrator",340,"Except me. I changed.",""
"chapter_11","Narrator",342,"She doesn't look back.",""
"chapter_11","Narrator",345,"She's a figure on the edges. Unresolved.",""
"chapter_11","Narrator",349,"Tasha. I never dealt with Tasha. Not really.",""
"chapter_11","Narrator",351,"She's still there. The cruelty is still there. And I don't k",""
"chapter_11","Narrator",353,"Some stories don't end. Some shadows aren't faced. This is o",""
"chapter_11","Narrator",362,"The last night.",""
"chapter_11","Narrator",364,"Not the last last night — exams aren't quite over. But the l",""
"chapter_11","Narrator",368,"They cook together. Liz chops onions and cries. Lucas is on ",""
"chapter_11","Narrator",372,"Sarah sends a voice note from her parents' house in Devon: h",""
"chapter_11","Narrator",374,"A text from Sarah: 'eat some for me. i miss you all. x'",""
"chapter_11","Narrator",376,"Sarah's name hovers in the room like a frequency. Nobody say",""
"chapter_11","Narrator",378,"They set five places. One stays empty.",""
"chapter_11","Narrator",380,"Nobody says anything. Raj puts a small bowl of rice at the e",""
"chapter_11","Narrator",382,"The biryani is extraordinary.",""
"chapter_11","Raj",384,"My grandmother would kill me if she knew I was making this f",""
"chapter_11","Liz",386,"I'm Welsh!",""
"chapter_11","Raj",388,"That's worse!",""
"chapter_11","Lucas",390,"I thought the secret was the yoghurt.",""
"chapter_11","Raj",392,"The secret is patience. And cumin. And love.",""
"chapter_11","Amelia",394,"Did you just say love?",""
"chapter_11","Raj",396,"I said cumin.",""
"chapter_11","Narrator",403,"The table is full. The food is good. The year is ending.",""
"chapter_11","Narrator",412,"She stands up.",""
"chapter_11","Amelia",414,"I want to say something.",""
"chapter_11","Liz",416,"Oh God, is this a speech?",""
"chapter_11","Amelia",418,"It's a speech.",""
"chapter_11","Raj",420,"Is there going to be crying?",""
"chapter_11","Amelia",422,"Probably.",""
"chapter_11","Lucas",424,"Just do it.",""
"chapter_11","Narrator",426,"She looks at them. This ridiculous, beautiful collection of ",""
"chapter_11","Amelia",428,"Seven months ago I walked into this kitchen and I didn't kno",""
"chapter_11","Narrator",430,"Her voice cracks slightly.",""
"chapter_11","Amelia",432,"Raj, you've fed me more times than my actual mother. Lucas, ",""
"chapter_11","Liz",434,"I'm going to cry.",""
"chapter_11","Amelia",436,"Me too.",""
"chapter_11","Amelia",439,"And Sarah. Who isn't here but is.",""
"chapter_11","Amelia",441,"And Sarah.",""
"chapter_11","Narrator",443,"The room goes quiet.",""
"chapter_11","Amelia",445,"Who was here. Who is always here.",""
"chapter_11","Narrator",447,"She raises her glass.",""
"chapter_11","Amelia",449,"To the kitchen. To the biryani. To us.",""
"chapter_11","Narrator",451,"They clink. They drink. Raj is crying into the saffron rice.",""
"chapter_11","Narrator",457,"She doesn't make a speech.",""
"chapter_11","Narrator",461,"I want to remember this. The light. The smell. The sound of ",""
"chapter_11","Narrator",463,"This is the gold. Right here. This table.",""
"chapter_11","Narrator",471,"She texts Raj: \""not feeling great. save me a plate? x\""",""
"chapter_11","Narrator",473,"She stays in her room. The sounds of dinner come through the",""
"chapter_11","Narrator",475,"She lies on her bed and listens to her friends being happy a",""
"chapter_11","Narrator",477,"Raj leaves a plate of biryani outside her door. It's still w",""
"chapter_11","Narrator",487,"The last weekend of term.",""
"chapter_11","Narrator",489,"Cornwall calls.",""
"chapter_11","Narrator",498,"Hawthorne drives. Classic FM. No apology.",""
"chapter_11","Narrator",500,"But they're not going to the moors this time. They cross Dev",""
"chapter_11","Narrator",505,"The university library at Exeter. A special collection. Hawt",""
"chapter_11","Prof. Hawthorne",507,"These are the Webber Collection manuscripts. Sixteenth-centu",""
"chapter_11","Narrator",509,"The librarian brings the manuscripts in padded boxes. White ",""
"chapter_11","Narrator",511,"Amelia puts on the gloves. She opens the first document.",""
"chapter_11","Narrator",513,"And her breath catches.",""
"chapter_11","Narrator",515,"The handwriting is five hundred years old. The ink is brown.",""
"chapter_11","Prof. Hawthorne",519,"A mining document with alchemical marginalia. Nobody knows w",""
"chapter_11","Narrator",526,"Five hundred years of history in her hands.",""
"chapter_11","Amelia",534,"This is extraordinary. The marginalia — it suggests a parall",""
"chapter_11","Prof. Hawthorne",536,"Go on.",""
"chapter_11","Amelia",538,"The mining records are economic. Practical. But someone — th",""
"chapter_11","Prof. Hawthorne",540,"And what does that remind you of?",""
"chapter_11","Amelia",542,"Everything.",""
"chapter_11","Narrator",544,"He smiles. Actually smiles.",""
"chapter_11","Prof. Hawthorne",546,"Miss James, I believe you've just described the thesis you'r",""
"chapter_11","Amelia",552,"It's beautiful. But...",""
"chapter_11","Prof. Hawthorne",554,"But?",""
"chapter_11","Amelia",556,"I used to think history was about knowing things. Now I thin",""
"chapter_11","Prof. Hawthorne",558,"That's growth.",""
"chapter_11","Amelia",560,"It doesn't feel like growth. It feels like confusion.",""
"chapter_11","Prof. Hawthorne",562,"Same thing, often.",""
"chapter_11","Narrator",571,"The Eden Project. A retreat day. Not for students — for well",""
"chapter_11","Dr. Simmons",573,"I run this once a year. You're my first student invite.",""
"chapter_11","Narrator",575,"The group is twelve people. A counsellor from Truro. A GP fr",""
"chapter_11","Narrator",584,"The retreat is for healers. Amelia is invited to participate",""
"chapter_11","Narrator",592,"Simmons nods. 'Tell them about your year. Just the parts tha",""
"chapter_11","Narrator",594,"Amelia stands. Twelve faces. Professionals. People who do th",""
"chapter_11","Narrator",596,"She talks about the flat. About Sarah. About the 3am and the",""
"chapter_11","Narrator",598,"She talks about what she learned: that being there is not th",""
"chapter_11","Narrator",600,"A counsellor from Truro is crying.",""
"chapter_11","Narrator",602,"The GP from Penzance says: 'That's the hardest lesson in med",""
"chapter_11","Dr. Simmons",604,"That's my girl.",""
"chapter_11","Narrator",610,"She listens.",""
"chapter_11","Narrator",612,"The stories are heavy and beautiful. A GP talks about her fi",""
"chapter_11","Narrator",623,"Maya drives. The van rattles. The crystals on the dashboard ",""
"chapter_11","Narrator",625,"They arrive at dawn.",""
"chapter_11","Narrator",627,"A stone circle. Not the Merry Maidens — smaller, less famous",""
"chapter_11","Maya",629,"The Hurlers. Three circles, not one. Nobody knows why three.",""
"chapter_11","Narrator",631,"The stones are grey against the green. The sky is turning go",""
"chapter_11","Maya",633,"You know what to do.",""
"chapter_11","Amelia",635,"Do I?",""
"chapter_11","Maya",637,"Sit. Be still. Let the dawn come.",""
"chapter_11","Narrator",644,"Dawn. The stone circle. Stillness.",""
"chapter_11","Narrator",652,"She sits.",""
"chapter_11","Narrator",654,"The ground is cold. The stone behind her is cold. The air sm",""
"chapter_11","Narrator",656,"She closes her eyes.",""
"chapter_11","Narrator",658,"The thoughts come — exams, Sarah, Ella, the future. She lets",""
"chapter_11","Narrator",660,"And then—",""
"chapter_11","Narrator",662,"Silence.",""
"chapter_11","Narrator",664,"Not the absence of sound — the birds are singing, the wind i",""
"chapter_11","Narrator",666,"She stays in it. A minute. Five minutes. An eternity.",""
"chapter_11","Narrator",668,"When she opens her eyes, the sun is up. The stones are gold.",""
"chapter_11","Maya",670,"You felt it.",""
"chapter_11","Amelia",672,"I felt something.",""
"chapter_11","Maya",674,"That's all there is. Something.",""
"chapter_11","Narrator",680,"She sits.",""
"chapter_11","Narrator",684,"She tries. The stillness comes in fragments — three seconds ",""
"chapter_11","Narrator",686,"But the dawn is extraordinary.",""
"chapter_11","Narrator",688,"The sky goes from grey to gold to blazing. The stones catch ",""
"chapter_11","Maya",690,"The stillness doesn't have to be perfect to be real.",""
"chapter_11","Amelia",692,"It was very imperfect.",""
"chapter_11","Maya",694,"So is everything worth doing.",""
"chapter_11","Narrator",703,"Elena drives. No music. Just the road and the sound of the e",""
"chapter_11","Elena",705,"Dydh da. Are you ready?",""
"chapter_11","Amelia",707,"For what?",""
"chapter_11","Elena",709,"An gwella. The sight. The underground place.",""
"chapter_11","Narrator",711,"Amelia's stomach tightens.",""
"chapter_11","Amelia",713,"You said you'd take me. In February.",""
"chapter_11","Elena",715,"I said I'd take you when you were ready. You're ready.",""
"chapter_11","Narrator",719,"Carn Euny.",""
"chapter_11","Narrator",721,"An ancient settlement. Iron Age — two thousand years old. St",""
"chapter_11","Narrator",723,"And beneath it: the Fogou.",""
"chapter_11","Narrator",728,"The entrance. A low, dark passage into the earth.",""
"chapter_11","Elena",730,"This is a fogou. An underground chamber. Nobody knows what t",""
"chapter_11","Narrator",732,"She lights a candle. Hands it to Amelia.",""
"chapter_11","Elena",734,"You go in alone.",""
"chapter_11","Amelia",736,"Alone?",""
"chapter_11","Elena",738,"The Work is done alone. The athanor is sealed. The fire is i",""
"chapter_11","Narrator",740,"She touches Amelia's cheek.",""
"chapter_11","Elena",742,"I'll be here when you come out. Meur ras. Thank you. For tru",""
"chapter_11","Narrator",744,"Amelia takes the candle.",""
"chapter_11","Narrator",746,"The entrance is narrow. She has to crouch. Then crawl. The s",""
"chapter_11","Narrator",748,"The darkness swallows her.",""
"chapter_11","Narrator",764,"The passage opens into the chamber.",""
"chapter_11","Narrator",766,"She stands. The ceiling is just above her head. The candle f",""
"chapter_11","Narrator",768,"And then the candle goes out.",""
"chapter_11","Narrator",770,"Darkness. Complete. The kind of dark that has weight.",""
"chapter_11","Narrator",772,"She should be afraid.",""
"chapter_11","Narrator",774,"She isn't.",""
"chapter_11","Narrator",778,"Not a sound. Not a shape. A presence. Like standing in a roo",""
"chapter_11","Narrator",780,"She can't see anything. She can feel everything.",""
"chapter_11","Narrator",782,"The year unfolds.",""
"chapter_11","Narrator",784,"Not as memory — as something more like a map, seen from abov",""
"chapter_11","Narrator",786,"The presence speaks, if 'speaks' is the right word. It's not",""
"chapter_11","Narrator",788,"You came through the fire.",""
"chapter_11","Narrator",790,"Yes.",""
"chapter_11","Narrator",792,"You are not the same.",""
"chapter_11","Narrator",794,"No.",""
"chapter_11","Narrator",796,"Are you ready to go back?",""
"chapter_11","Narrator",798,"I was always going back. But now I know what I'm bringing wi",""
"chapter_11","Narrator",800,"The candle relights.",""
"chapter_11","Narrator",802,"She didn't touch it.",""
"chapter_11","Narrator",804,"The chamber is empty. Stone walls. Low ceiling. Nothing else",""
"chapter_11","Narrator",808,"She crawls out.",""
"chapter_11","Narrator",810,"The sunlight hits her like a benediction.",""
"chapter_11","Narrator",812,"Elena is sitting by the entrance. She looks at Amelia. Her f",""
"chapter_11","Elena",814,"You saw it.",""
"chapter_11","Amelia",816,"I don't know what I saw.",""
"chapter_11","Elena",818,"You don't have to know. You will. Later. When you're ready.",""
"chapter_11","Narrator",820,"Amelia looks at the sky. It is extraordinary — the blue is d",""
"chapter_11","Elena",822,"Welcome home.",""
"chapter_11","Narrator",828,"The chamber.",""
"chapter_11","Narrator",830,"She stands in the dark. The candle is small. The walls are c",""
"chapter_11","Narrator",832,"She breathes.",""
"chapter_11","Narrator",834,"And the walls change.",""
"chapter_11","Narrator",836,"Not physically — she's a psychology student, she knows what ",""
"chapter_11","Narrator",840,"White. Plymouth in the rain. Snow on the Hoe. Simmons' plant",""
"chapter_11","Narrator",842,"Yellow. The hospital lights. The fire. The waiting room.",""
"chapter_11","Narrator",844,"Red. Now. This. The stone. The dark. The candle.",""
"chapter_11","Narrator",846,"She sees the pattern. The pattern that was always there.",""
"chapter_11","Narrator",848,"Nigredo. Albedo. Citrinitas. Rubedo.",""
"chapter_11","Narrator",850,"I didn't learn these words. I didn't need to. I lived them.",""
"chapter_11","Narrator",852,"The colours fade. The stone is stone again. The candle is a ",""
"chapter_11","Narrator",854,"She crawls out.",""
"chapter_11","Narrator",856,"Elena is waiting.",""
"chapter_11","Elena",858,"What did you see?",""
"chapter_11","Amelia",860,"My year. In colours.",""
"chapter_11","Elena",862,"The stages.",""
"chapter_11","Amelia",864,"You could have just told me.",""
"chapter_11","Elena",866,"Would you have believed me?",""
"chapter_11","Amelia",868,"...No.",""
"chapter_11","Elena",870,"That's why the Fogou exists.",""
"chapter_11","Narrator",876,"The chamber.",""
"chapter_11","Narrator",878,"She stands. The candle burns. The stone is stone.",""
"chapter_11","Narrator",880,"Nothing happens.",""
"chapter_11","Narrator",882,"She waits.",""
"chapter_11","Narrator",884,"Silence. Full, heavy, warm silence.",""
"chapter_11","Narrator",886,"She sits on the ground. The stone is cold but not uncomforta",""
"chapter_11","Narrator",888,"And she stays.",""
"chapter_11","Narrator",892,"She's not meditating. She's not thinking. She's just... here",""
"chapter_11","Narrator",894,"This is what it feels like to not be anything. Not a student",""
"chapter_11","Narrator",896,"Just — here.",""
"chapter_11","Narrator",898,"She crawls out.",""
"chapter_11","Narrator",900,"The light is blinding.",""
"chapter_11","Elena",902,"What happened?",""
"chapter_11","Amelia",904,"Nothing.",""
"chapter_11","Elena",906,"Describe the nothing.",""
"chapter_11","Amelia",908,"It was... full.",""
"chapter_11","Elena",910,"Good. That's good.",""
"chapter_11","Narrator",916,"The chamber.",""
"chapter_11","Narrator",918,"She stands. The candle flickers. The walls are close.",""
"chapter_11","Narrator",920,"The darkness presses.",""
"chapter_11","Narrator",922,"Something — fear? Memory? The specific cold of underground p",""
"chapter_11","Narrator",924,"She tries to stay. She tries.",""
"chapter_11","Narrator",926,"But the walls are too close and the dark is too deep and the",""
"chapter_11","Narrator",928,"Daylight. Air. Sky.",""
"chapter_11","Narrator",930,"Elena is there.",""
"chapter_11","Elena",932,"Fear is information.",""
"chapter_11","Amelia",934,"I couldn't — I tried—",""
"chapter_11","Elena",936,"I know.",""
"chapter_11","Narrator",938,"She sits beside Amelia on the grass.",""
"chapter_11","Elena",940,"The Fogou doesn't always open. For some people it takes year",""
"chapter_11","Amelia",942,"It feels like failure.",""
"chapter_11","Elena",944,"The gold was always there. An alchemist who isn't ready isn'",""
"chapter_11","Narrator",959,"Night. Her room. The last week of term.",""
"chapter_11","Narrator",961,"Everything is slowing down. The exams are done — or nearly. ",""
"chapter_11","Narrator",963,"Amelia lies in bed.",""
"chapter_11","Narrator",965,"The question comes. The one she's been avoiding all year.",""
"chapter_11","Narrator",967,"Who am I?",""
"chapter_11","Narrator",969,"Not who she was. Not who she wants to be. Who she is. Now. H",""
"chapter_11","Narrator",971,"I'm a person who walked into a room when it mattered.",""
"chapter_11","Narrator",972,"I'm a person who missed chances and took others.",""
"chapter_11","Narrator",973,"I'm a person who failed and kept going.",""
"chapter_11","Narrator",974,"I'm a person who—",""
"chapter_11","Narrator",976,"The sentence doesn't finish.",""
"chapter_11","Narrator",978,"The question isn't who am I. The question is: can I face wha",""
"chapter_11","Narrator",985,"The test. The real one. Not exams — this.",""
"chapter_11","Narrator",992,"I'm afraid of not being enough.",""
"chapter_11","Narrator",994,"There it is. The thing under everything. Under the studying ",""
"chapter_11","Narrator",996,"I'm afraid that if I stop trying, if I stop proving myself, ",""
"chapter_11","Narrator",998,"She lets it sit.",""
"chapter_11","Narrator",1000,"And I need to face the possibility that it's true. That I'm ",""
"chapter_11","Narrator",1002,"The fear is enormous.",""
"chapter_11","Narrator",1006,"It doesn't eat her.",""
"chapter_11","Narrator",1008,"I'm not enough. And I'm here. And those two things coexist. ",""
"chapter_11","Narrator",1010,"She breathes.",""
"chapter_11","Narrator",1012,"Maybe enough isn't the point. Maybe the point is just... con",""
"chapter_11","Narrator",1019,"I can't do this alone.",""
"chapter_11","Narrator",1021,"She thinks of Raj in the kitchen. Liz's hand on hers. Lucas'",""
"chapter_11","Narrator",1024,"Sarah, in the hospital, saying: 'Why did you come?'",""
"chapter_11","Narrator",1025,"Because friends don't leave.",""
"chapter_11","Narrator",1027,"Sarah. Who left. Who didn't mean to leave the way she did.",""
"chapter_11","Narrator",1028,"Who taught me that showing up is the only thing that matters",""
"chapter_11","Narrator",1030,"My greatest fear is being alone with this. So I choose not t",""
"chapter_11","Narrator",1032,"She texts Ella:",""
"chapter_11","Narrator",1034,"amelia: i'm having a moment. can you just talk to me? about ",""
"chapter_11","Ella",1038,"Okay. So. I saw a dog today that looked like a Renaissance p",""
"chapter_11","Narrator",1040,"Amelia laughs. And cries. And both at once.",""
"chapter_11","Narrator",1045,"She puts on her headphones. She opens Netflix.",""
"chapter_11","Narrator",1047,"The question dissolves into noise.",""
"chapter_11","Narrator",1049,"Not tonight. Not now.",""
"chapter_11","Narrator",1051,"She watches three episodes of something she won't remember.",""
"chapter_11","Narrator",1053,"The question will come back. Questions like this always do.",""
"chapter_11","Narrator",1063,"The last morning.",""
"chapter_11","Narrator",1065,"She wakes before dawn. Not by alarm — her body knows.",""
"chapter_11","Narrator",1067,"She walks to the Hoe.",""
"chapter_11","Narrator",1069,"The sky is turning.",""
"chapter_11","Narrator",1071,"Red.",""
"chapter_11","Narrator",1073,"The reddening. Rubedo. She doesn't know the word — or maybe ",""
"chapter_11","Narrator",1075,"The sun rises over Plymouth Sound. The water is gold. The Dr",""
"chapter_11","Narrator",1077,"She stands at the railing.",""
"chapter_11","Narrator",1079,"I came here in September. I stood here. I didn't know anythi",""
"chapter_11","Narrator",1081,"I still don't know anything. But I know I don't know it. And",""
"chapter_11","Narrator",1083,"Is that enough? Is that the gold?",""
"chapter_11","Narrator",1085,"The sun crests the horizon. The light pours. Everything is r",""
"chapter_11","Narrator",1087,"I think it might be.",""
"chapter_11","Centered",1100,"End of Chapter Eleven",""
"chapter_12","Centered",32,"Chapter Twelve\n\nReturn with the Elixir",""
"chapter_12","Narrator",44,"June.",""
"chapter_12","Narrator",46,"She wakes up in her room for the last time.",""
"chapter_12","Narrator",48,"The walls are bare. The postcards are in a box. The jade pla",""
"chapter_12","Narrator",50,"A room that was a world. Her world. For nine months.",""
"chapter_12","Narrator",52,"She sits on the stripped bed. The mattress is thin. She can ",""
"chapter_12","Narrator",54,"I arrived here in September. I put the photo of Ella on the ",""
"chapter_12","Narrator",56,"It didn't look like this at all.",""
"chapter_12","Narrator",63,"One hour before the taxi. What does she do?",""
"chapter_12","Narrator",72,"She walks.",""
"chapter_12","Narrator",74,"The library. She touches the door handle. The specific weigh",""
"chapter_12","Narrator",76,"The lecture theatre where Hawthorne raised his eyebrow and s",""
"chapter_12","Narrator",81,"Sarah's bench. The brass plaque. Fresh flowers — someone alw",""
"chapter_12","Narrator",83,"She sits for a moment.",""
"chapter_12","Amelia",85,"Bye, Sarah.",""
"chapter_12","Narrator",87,"The campus is ordinary and extraordinary and she has walked ",""
"chapter_12","Narrator",96,"The kitchen.",""
"chapter_12","Narrator",98,"Raj is making eggs. Of course he is. Lucas is on the sofa. L",""
"chapter_12","Raj",100,"Last breakfast. I'm doing the works.",""
"chapter_12","Liz",102,"I can't eat. I'm going to cry.",""
"chapter_12","Raj",104,"You can cry and eat. I do it all the time.",""
"chapter_12","Narrator",106,"They sit. Eggs and toast and tea. The most ordinary meal. Th",""
"chapter_12","Narrator",112,"She packs the last box. Labels it. Stacks it by the door.",""
"chapter_12","Narrator",114,"Everything she owns fits in boxes again. The same number as ",""
"chapter_12","Narrator",116,"Done. I'm done.",""
"chapter_12","Narrator",125,"The corridor.",""
"chapter_12","Narrator",127,"They're all here. Raj, Liz, Lucas. The corridor is full of b",""
"chapter_12","Narrator",137,"The goodbye. The moment.",""
"chapter_12","Narrator",143,"She hugs Raj first. He picks her up. He always picks people ",""
"chapter_12","Raj",145,"You're the worst chess player I've ever met.",""
"chapter_12","Amelia",147,"And the best friend?",""
"chapter_12","Raj",149,"The best friend.",""
"chapter_12","Narrator",151,"Liz next. The hug is fierce and involves a lot of Welsh curs",""
"chapter_12","Liz",153,"If you don't text me every day I will drive to London and ca",""
"chapter_12","Amelia",155,"I know you will.",""
"chapter_12","Narrator",157,"Lucas. The hug is brief and tight and he says nothing and sh",""
"chapter_12","Narrator",159,"She's crying. They're all crying. The corridor smells of car",""
"chapter_12","Narrator",165,"She looks at each of them.",""
"chapter_12","Narrator",167,"Raj. The handshake that becomes a hug.",""
"chapter_12","Narrator",169,"Liz. The eye contact that says everything.",""
"chapter_12","Narrator",171,"Lucas. The nod. Just the nod.",""
"chapter_12","Narrator",173,"Some things don't need words.",""
"chapter_12","Amelia",179,"This isn't goodbye.",""
"chapter_12","Raj",181,"It's 'see you later.'",""
"chapter_12","Amelia",183,"It's 'see you in September.' Or before. Summer. I'm coming t",""
"chapter_12","Liz",185,"Is that a promise?",""
"chapter_12","Amelia",187,"It's a promise.",""
"chapter_12","Narrator",189,"She means it. She can feel herself meaning it.",""
"chapter_12","Narrator",225,"The train.",""
"chapter_12","Narrator",227,"Plymouth falls away. Devon. Somerset. The land flattens and ",""
"chapter_12","Narrator",229,"Amelia sits by the window. Her bag is in the rack. Her journ",""
"chapter_12","Narrator",240,"She gets off the train at Paddington.",""
"chapter_12","Narrator",242,"London is the same. She is not.",""
"chapter_12","Narrator",247,"She goes to the park.",""
"chapter_12","Narrator",249,"Not to the bench — she can't sit still, not today. She walks",""
"chapter_12","Amelia",253,"It's for someone.",""
"chapter_12","Narrator",255,"The park. A corner she knows — a quiet bit near the wall, wh",""
"chapter_12","Narrator",257,"She digs.",""
"chapter_12","Narrator",259,"The soil is London soil — part clay, part grit, the earth of",""
"chapter_12","Narrator",261,"She puts the tree in the ground.",""
"chapter_12","Narrator",263,"She's crying.",""
"chapter_12","Narrator",265,"The sun is shining and she's crying and the tree is small an",""
"chapter_12","Narrator",267,"She pats the soil down. She sits beside the tree.",""
"chapter_12","Amelia",269,"This is for you.",""
"chapter_12","Narrator",271,"She doesn't say who.",""
"chapter_12","Amelia",273,"I'm sorry. I'm so sorry. I should have been there. I should ",""
"chapter_12","Narrator",275,"The tree doesn't answer. Trees don't.",""
"chapter_12","Amelia",277,"But I'm going to keep trying. Not because you'd want me to —",""
"chapter_12","Narrator",279,"She wipes her face.",""
"chapter_12","Amelia",281,"But I'm going to keep trying. Because that's the only thing ",""
"chapter_12","Narrator",283,"The rowan. Small, green, alive.",""
"chapter_12","Narrator",285,"The sun. The park. The sound of London, distant.",""
"chapter_12","Narrator",287,"She sits beside the tree for a long time.",""
"chapter_12","Narrator",289,"Then she goes home.",""
"chapter_12","Centered",297,"THE GRIEF\n\nAmelia carries the loss. Not as a weight to dra",""
"chapter_12","Narrator",308,"She doesn't go home.",""
"chapter_12","Narrator",310,"Not directly.",""
"chapter_12","Narrator",315,"She takes the branch line. Back to Cornwall. One more time.",""
"chapter_12","Narrator",317,"Elena is waiting at the station.",""
"chapter_12","Elena",319,"I knew you'd come.",""
"chapter_12","Amelia",321,"How?",""
"chapter_12","Elena",323,"An gwella.",""
"chapter_12","Narrator",325,"They drive to the moor.",""
"chapter_12","Narrator",330,"The Mên-an-Tol at dawn.",""
"chapter_12","Narrator",332,"The holed stone. The passage. The oldest medicine in Cornwal",""
"chapter_12","Elena",334,"Last time.",""
"chapter_12","Amelia",336,"Last time.",""
"chapter_12","Narrator",338,"She crawls through.",""
"chapter_12","Narrator",340,"On the other side—",""
"chapter_12","Narrator",342,"The moor is the same. But different. The colours are — vivid",""
"chapter_12","Narrator",344,"Elena is standing on the other side. She's smiling.",""
"chapter_12","Narrator",346,"Amelia has never seen her smile.",""
"chapter_12","Elena",348,"Welcome home.",""
"chapter_12","Amelia",350,"Is this — is this what it looks like? The gold?",""
"chapter_12","Elena",352,"This is what it always looked like. You can see it now.",""
"chapter_12","Narrator",354,"The moor. The stone. The wind.",""
"chapter_12","Narrator",356,"Amelia stands in the centre of it like a woman standing in t",""
"chapter_12","Amelia",358,"What do I do now?",""
"chapter_12","Elena",360,"You go back. You live. You see.",""
"chapter_12","Narrator",362,"A pause.",""
"chapter_12","Elena",364,"And you come back. When you're ready. There is always more W",""
"chapter_12","Narrator",366,"The sun rises. The gold light pours over everything.",""
"chapter_12","Narrator",368,"Amelia opens her journal. She writes one word.",""
"chapter_12","Narrator",370,"Gold.",""
"chapter_12","Centered",378,"THE ALCHEMIST\n\nThe Work is done — the first Work. The gold",""
"chapter_12","Narrator",392,"She goes back to the library.",""
"chapter_12","Narrator",394,"One last time. Not for an assignment — just... one last time",""
"chapter_12","Narrator",396,"Her seat. The corner by the history section. The afternoon l",""
"chapter_12","Narrator",398,"An email.",""
"chapter_12","Narrator",400,"From Hawthorne. (Or Simmons, or the department — it doesn't ",""
"chapter_12","Narrator",402,"\""Dear Amelia, We are pleased to offer you a summer research",""
"chapter_12","Narrator",404,"Her hands shake.",""
"chapter_12","Narrator",406,"She reads it twice. Three times.",""
"chapter_12","Narrator",408,"Then she calls Ella.",""
"chapter_12","Ella",410,"Hey! Are you on the train?",""
"chapter_12","Amelia",412,"I found my thing.",""
"chapter_12","Ella",414,"What?",""
"chapter_12","Amelia",416,"I found my thing, Els. I actually found my thing.",""
"chapter_12","Narrator",418,"They talk for an hour. The library empties around her. The l",""
"chapter_12","Narrator",420,"She opens a new notebook. Blank pages. The specific thrill o",""
"chapter_12","Narrator",422,"She writes a title. The beginning of the beginning.",""
"chapter_12","Centered",430,"THE SCHOLAR\n\nAmelia finds her vocation. Not just knowledge",""
"chapter_12","Narrator",444,"She misses the first train.",""
"chapter_12","Narrator",446,"On purpose.",""
"chapter_12","Narrator",448,"Because Raj said 'one more lunch' and Liz said 'you can't le",""
"chapter_12","Narrator",450,"The lunch stretches. Into the afternoon. Into the evening.",""
"chapter_12","Narrator",452,"Raj cooks. Of course he does. Daal, because that's where it ",""
"chapter_12","Narrator",458,"Sarah calls. On speakerphone.",""
"chapter_12","Sarah",460,"I can hear Raj's daal from Devon.",""
"chapter_12","Raj",462,"That's the cumin.",""
"chapter_12","Sarah",464,"Save me a bowl. I'll be there in September.",""
"chapter_12","Narrator",466,"They sit around the table. The kitchen — their kitchen — is ",""
"chapter_12","Lucas",468,"I'm not making a speech.",""
"chapter_12","Liz",470,"Nobody asked you to.",""
"chapter_12","Lucas",472,"Good.",""
"chapter_12","Narrator",474,"A pause.",""
"chapter_12","Lucas",476,"But — I'm glad you're all here.",""
"chapter_12","Narrator",478,"It's the most Lucas has ever said about his feelings. The ta",""
"chapter_12","Raj",480,"Mate...",""
"chapter_12","Lucas",482,"Don't.",""
"chapter_12","Narrator",484,"But he's smiling.",""
"chapter_12","Narrator",486,"Amelia looks at them. This ridiculous, beautiful, broken, re",""
"chapter_12","Narrator",488,"This is the gold. This table. These people. This specific, u",""
"chapter_12","Narrator",490,"She takes the last train. She texts from the carriage:",""
"chapter_12","Narrator",492,"amelia: i'm going to miss you idiots more than is medically ",""
"chapter_12","Narrator",494,"raj: same",""
"chapter_12","Narrator",496,"liz: 😭❤️",""
"chapter_12","Narrator",498,"lucas: see you in september",""
"chapter_12","Centered",506,"THE COMPANION\n\nAmelia discovers that the great work was ne",""
"chapter_12","Narrator",520,"Home.",""
"chapter_12","Narrator",524,"Normal things.",""
"chapter_12","Narrator",526,"Then, a Tuesday. An email she applied for weeks ago and forg",""
"chapter_12","Narrator",528,"\""Dear Amelia, We are delighted to offer you a volunteer pos",""
"chapter_12","Narrator",537,"Then the first real shift.",""
"chapter_12","Narrator",539,"The phone rings.",""
"chapter_12","Narrator",541,"It's 11pm. The caller is anonymous. The voice is quiet.",""
"chapter_12","Narrator",543,"Amelia picks up.",""
"chapter_12","Amelia",545,"Hello. Samaritans. My name is Amelia.",""
"chapter_12","Narrator",547,"A pause.",""
"chapter_12","Narrator",549,"Then:",""
"chapter_12","Narrator",551,"'I don't know why I'm calling.'",""
"chapter_12","Amelia",553,"That's okay. You don't need a reason.",""
"chapter_12","Narrator",555,"'I just — I needed someone to be there.'",""
"chapter_12","Amelia",557,"I'm here.",""
"chapter_12","Narrator",559,"She doesn't know what to say next.",""
"chapter_12","Narrator",561,"But she stays on the line.",""
"chapter_12","Narrator",563,"Because that's what matters. Not the words. Not the right th",""
"chapter_12","Narrator",566,"Her phone buzzes after the shift. A text from Sarah.",""
"chapter_12","Narrator",568,"sarah: photo attached",""
"chapter_12","Narrator",570,"A sunrise. Devon. The moor.",""
"chapter_12","Narrator",572,"sarah: i watched this today. thought of you. x",""
"chapter_12","Centered",580,"THE HEALER\n\nAmelia stays on the line. She will always stay",""
"chapter_12","Narrator",591,"The train. London approaching.",""
"chapter_12","Narrator",593,"She doesn't read. She doesn't write. She watches.",""
"chapter_12","Narrator",598,"Devon becomes Somerset becomes Surrey becomes London.",""
"chapter_12","Narrator",600,"Her phone has texts from everyone.",""
"chapter_12","Narrator",602,"From Ella: \""I'm at Paddington. We're getting coffee. Non-ne",""
"chapter_12","Narrator",605,"From Hawthorne: \""Your essay mark: 78%%. Don't let it go to ",""
"chapter_12","Narrator",607,"From Simmons: \""You did beautifully. Go home and rest. That'",""
"chapter_12","Narrator",609,"From Maya: \""The sun rises every day. So will you.\""",""
"chapter_12","Narrator",611,"From Elena: \""Meur ras. Duw genes. The Work continues.\""",""
"chapter_12","Narrator",615,"From her mother: \""Your room is ready. Dad made bolognese. (",""
"chapter_12","Narrator",620,"She closes her eyes.",""
"chapter_12","Narrator",625,"She sees Sarah's face. In the hospital. Looking at her. Aliv",""
"chapter_12","Narrator",627,"She sees Sarah's bench. The brass plaque. Fresh flowers.",""
"chapter_12","Narrator",629,"She opens her eyes.",""
"chapter_12","Narrator",634,"The train. England outside the window.",""
"chapter_12","Narrator",636,"Nothing is perfect. Her exams were good, not brilliant. Her ",""
"chapter_12","Narrator",638,"But.",""
"chapter_12","Narrator",640,"She is more than she was. She knows more of herself. She car",""
"chapter_12","Narrator",642,"Paddington. The doors open.",""
"chapter_12","Ella",646,"Welcome home, stranger.",""
"chapter_12","Narrator",648,"Amelia steps off the train.",""
"chapter_12","Narrator",650,"The sun is shining.",""
"chapter_12","Centered",658,"THE WHOLE\n\nNothing is perfect. Everything is enough.\nAmel",""
"chapter_12","Narrator",669,"The train.",""
"chapter_12","Narrator",674,"She watches the landscape change.",""
"chapter_12","Narrator",676,"Cornwall disappeared behind a headland twenty minutes ago. D",""
"chapter_12","Narrator",678,"Some things worked this year. Some didn't.",""
"chapter_12","Narrator",680,"She made friends. She lost someone. She passed her exams. Sh",""
"chapter_12","Narrator",682,"The train rocks. The rhythm of it.",""
"chapter_12","Narrator",684,"She opens her journal. The first page — September. Her handw",""
"chapter_12","Narrator",686,"September 15th. Plymouth. I'm here. The room is small. The b",""
"chapter_12","Narrator",688,"She turns to the last page. Blank.",""
"chapter_12","Narrator",690,"She writes.",""
"chapter_12","Narrator",692,"June 12th. The train home.",""
"chapter_12","Narrator",694,"I don't know what I am yet. But I know what I've been. And I",""
"chapter_12","Narrator",696,"She closes the journal.",""
"chapter_12","Narrator",698,"The train crosses into London. The buildings multiply. The s",""
"chapter_12","Narrator",700,"Paddington.",""
"chapter_12","Narrator",702,"She picks up her bag. She steps off the train.",""
"chapter_12","Narrator",704,"Somewhere, a lifetime away, the sea is still there. Cornwall",""
"chapter_12","Narrator",706,"Still there. Even when you can't see them.",""
"chapter_12","Centered",714,"THE BITTERSWEET\n\nThe most honest ending. Some gold, some l",""
"chapter_12","Centered",728,"THE CK: AMELIA\n\nA story about a girl who went to universit",""
"chapter_12","Centered",732,"Thank you for playing.",""
"chapter_12","Centered",737,"If this story affected you, please reach out.\n\nSamaritans:",""
"chapter_2","Centered",26,"Chapter Two\n\nThe Call to Adventure",""
"chapter_2","Narrator",38,"Six-thirty in the morning. The sky hasn't decided what colou",""
"chapter_2","Mrs. James",42,"There's rice and peas in the blue one, ackee in the green, a",""
"chapter_2","Mr. James",44,"I won't eat the patties.",""
"chapter_2","Mrs. James",46,"You will eat the patties. I know you.",""
"chapter_2","Narrator",50,"Lily is leaning against the hallway wall in her pyjamas. She",""
"chapter_2","Lily",52,"Bit early, isn't it.",""
"chapter_2","Amelia",54,"It's a four-hour drive.",""
"chapter_2","Lily",56,"Could've left at a normal time like normal people.",""
"chapter_2","Narrator",58,"The silence that follows is louder than the words.",""
"chapter_2","Narrator",62,"Amelia looks at her sister. Lily isn't looking back.",""
"chapter_2","Amelia",69,"Lils. Look after mum and dad for me, yeah?",""
"chapter_2","Narrator",71,"Lily's jaw tightens.",""
"chapter_2","Lily",73,"They don't need looking after.",""
"chapter_2","Amelia",75,"Yeah, they do. Mum's going to pretend she's fine for about t",""
"chapter_2","Narrator",77,"A beat. The tiniest crack in Lily's armour.",""
"chapter_2","Lily",79,"...He's already bought wood.",""
"chapter_2","Amelia",81,"See? You're the one who's here now. You're the one who matte",""
"chapter_2","Lily",85,"You'd better text me. Like, actually text me. Not just heart",""
"chapter_2","Amelia",87,"Every day.",""
"chapter_2","Lily",89,"Liar.",""
"chapter_2","Amelia",96,"Lils. You can call me anytime. About anything. I mean it.",""
"chapter_2","Narrator",98,"Lily looks at the floor.",""
"chapter_2","Lily",100,"Why would I need to call you?",""
"chapter_2","Amelia",102,"Because you're sixteen and the world is rubbish and sometime",""
"chapter_2","Narrator",104,"A pause.",""
"chapter_2","Amelia",106,"I'm serious. Three in the morning. Doesn't matter. If someth",""
"chapter_2","Narrator",108,"Lily blinks. Something in the way Amelia says 'anything at a",""
"chapter_2","Lily",110,"...Okay.",""
"chapter_2","Amelia",112,"Promise?",""
"chapter_2","Lily",114,"God, you're so dramatic.",""
"chapter_2","Narrator",116,"But she nods. And when she hugs Amelia, she holds on for lon",""
"chapter_2","Narrator",118,"Grace appears in the doorway. Eyes already red.",""
"chapter_2","Mrs. James",120,"Right. Are we — is it time?",""
"chapter_2","Mr. James",122,"It's time, love.",""
"chapter_2","Narrator",124,"Grace hugs Amelia. The kind of hug that has a whole speech c",""
"chapter_2","Mrs. James",126,"You call me when you arrive.",""
"chapter_2","Amelia",128,"I will.",""
"chapter_2","Mrs. James",130,"You eat proper food.",""
"chapter_2","Amelia",132,"I will.",""
"chapter_2","Mrs. James",134,"You don't let anyone make you feel small.",""
"chapter_2","Narrator",136,"That one isn't a question.",""
"chapter_2","Amelia",138,"I won't, Mum.",""
"chapter_2","Narrator",140,"Grace holds her face between her hands. Studies it. Files it",""
"chapter_2","Mrs. James",142,"My girl.",""
"chapter_2","Narrator",144,"David is already in the car. Engine running. Pretending he's",""
"chapter_2","Narrator",146,"Amelia gets in. Seatbelt on. The Tupperware on top of the Tu",""
"chapter_2","Narrator",148,"In the rear-view mirror: Grace waving. Lily standing behind ",""
"chapter_2","Narrator",150,"The car pulls away.",""
"chapter_2","Narrator",165,"The M25. The M3. The M5. England unspooling through the wind",""
"chapter_2","Narrator",167,"David drives the way he does everything — steady, careful, b",""
"chapter_2","Narrator",169,"They pass Stonehenge. It's smaller than you'd think — it alw",""
"chapter_2","Mr. James",175,"About what you said. At dinner.",""
"chapter_2","Amelia",177,"Which bit?",""
"chapter_2","Mr. James",179,"The degree. Being the first.",""
"chapter_2","Narrator",181,"He checks his mirror. Changes lanes. Checks it again.",""
"chapter_2","Mr. James",183,"You know we're proud of you whatever happens, right? Degree ",""
"chapter_2","Narrator",185,"He grips the steering wheel a fraction tighter.",""
"chapter_2","Mr. James",187,"You don't owe us anything, Amelia. You understand? You being",""
"chapter_2","Narrator",189,"She looks at him. His jaw is set. His eyes are on the road.",""
"chapter_2","Amelia",191,"Thanks, Dad.",""
"chapter_2","Mr. James",193,"Right. Good. That's — right.",""
"chapter_2","Narrator",195,"He turns the radio up slightly. Subject closed.",""
"chapter_2","Mr. James",198,"About what you said last night. About finding out who you ar",""
"chapter_2","Amelia",200,"Yeah?",""
"chapter_2","Mr. James",202,"I didn't find out who I was until I was about thirty-five. A",""
"chapter_2","Amelia",204,"What changed at thirty-five?",""
"chapter_2","Mr. James",206,"Your mum told me to stop trying to be someone and just be so",""
"chapter_2","Narrator",208,"He gives her the smallest smile.",""
"chapter_2","Mr. James",210,"You'll work it out. You're smarter than me.",""
"chapter_2","Amelia",212,"That's a low bar, Dad.",""
"chapter_2","Mr. James",214,"Oi.",""
"chapter_2","Mr. James",217,"That alchemy stuff you were talking about.",""
"chapter_2","Amelia",219,"You don't have to pretend to be interested, Dad.",""
"chapter_2","Mr. James",221,"I'm not pretending. I don't understand it, but I could see i",""
"chapter_2","Narrator",223,"He pauses.",""
"chapter_2","Mr. James",225,"Just... don't join a cult, yeah?",""
"chapter_2","Amelia",227,"Dad.",""
"chapter_2","Mr. James",229,"I'm serious. No cults. That's the one rule.",""
"chapter_2","Amelia",231,"No cults. Promise.",""
"chapter_2","Mr. James",233,"Right.",""
"chapter_2","Narrator",235,"The miles pass. Service station tea that tastes like regret.",""
"chapter_2","Narrator",237,"David eats exactly three of the patties. He was never not go",""
"chapter_2","Narrator",247,"And then — between one hill and the next — the sea.",""
"chapter_2","Narrator",251,"Amelia's breath catches.",""
"chapter_2","Narrator",253,"Oh.",""
"chapter_2","Mr. James",257,"There it is.",""
"chapter_2","Narrator",259,"He says it quietly, like he's seeing it too.",""
"chapter_2","Narrator",261,"This is real. I'm actually doing this.",""
"chapter_2","Narrator",263,"They follow the signs to the university. Down through street",""
"chapter_2","Narrator",273,"The corridor smells of paint and bleach and industrial carpe",""
"chapter_2","Narrator",275,"David carries the heaviest box. Amelia carries the rest. The",""
"chapter_2","Narrator",277,"Her room is Room 14. Single bed, single desk, single wardrob",""
"chapter_2","Narrator",279,"David puts the last box down and stands in the middle of the",""
"chapter_2","Mr. James",281,"It's... cosy.",""
"chapter_2","Amelia",283,"It's tiny, Dad.",""
"chapter_2","Mr. James",285,"Cosy. That's what I said.",""
"chapter_2","Narrator",289,"And then it's time.",""
"chapter_2","Mr. James",291,"Right, then.",""
"chapter_2","Amelia",293,"Yeah.",""
"chapter_2","Narrator",295,"He pulls her into a hug. David doesn't hug often, but when h",""
"chapter_2","Mr. James",297,"You call your mum.",""
"chapter_2","Amelia",299,"I know.",""
"chapter_2","Mr. James",301,"And eat the food. It'll go off.",""
"chapter_2","Amelia",303,"I know, Dad.",""
"chapter_2","Mr. James",305,"Right.",""
"chapter_2","Narrator",307,"He leaves. She listens to his footsteps down the corridor — ",""
"chapter_2","Narrator",309,"She watches from the window. The van pulling away. The indic",""
"chapter_2","Narrator",311,"She sits on the bed. The duvet is wrong — it's the one from ",""
"chapter_2","Narrator",313,"This is it.",""
"chapter_2","Narrator",315,"The walls are white. The desk is empty. The wardrobe is open",""
"chapter_2","Narrator",317,"This is — actually, completely — it.",""
"chapter_2","Narrator",324,"She's been sitting on the bed for seventeen minutes, staring",""
"chapter_2","Narrator",327,"Three rapid knocks. A muffled voice:",""
"chapter_2","Liz",329,"Hiya! Are you — oh, hang on, which one's yours — yeah! Are y",""
"chapter_2","Narrator",331,"Before Amelia can answer, the door opens — she hadn't locked",""
"chapter_2","Liz",333,"Oh brilliant, you're here! I'm Liz, I'm in fifteen, I heard ",""
"chapter_2","Amelia",335,"Shell-shocked?",""
"chapter_2","Liz",337,"I was going to say 'new,' but yeah, that too.",""
"chapter_2","Liz",341,"I'm Marine Biology. Cardiff. My name's Elizabeth officially ",""
"chapter_2","Narrator",343,"She takes a breath.",""
"chapter_2","Liz",345,"Also — and this is important — I have a dog at home called M",""
"chapter_2","Narrator",349,"Amelia looks at this whirlwind of a person who has invaded h",""
"chapter_2","Amelia",356,"Tell me everything about Marvin immediately.",""
"chapter_2","Narrator",358,"Liz's face lights up like Christmas.",""
"chapter_2","Liz",360,"Oh my GOD. Right. So. He's a cockapoo — that's a cockerspani",""
"chapter_2","Narrator",362,"She pulls out her phone. The camera roll is approximately 80",""
"chapter_2","Amelia",364,"He does sit like a person.",""
"chapter_2","Liz",366,"I KNOW! My mum says he's got more emotional intelligence tha",""
"chapter_2","Narrator",368,"And just like that, the silence in Room 14 is gone. Replaced",""
"chapter_2","Amelia",374,"It's nice to meet you too, Liz.",""
"chapter_2","Liz",378,"Oh — yeah! Course. Sorry, I'm a lot, I know. My mum says I'm",""
"chapter_2","Amelia",380,"That's... quite an image.",""
"chapter_2","Liz",382,"It's accurate, to be fair.",""
"chapter_2","Narrator",384,"She rocks on her heels.",""
"chapter_2","Liz",386,"Well — if you want tea or anything, I'm right next door. I b",""
"chapter_2","Narrator",400,"Seven o'clock. The communal kitchen has the aesthetic of a p",""
"chapter_2","Narrator",402,"But it's warm, and it smells of something good, and people a",""
"chapter_2","Narrator",406,"That's Lucas.",""
"chapter_2","Raj",410,"Hey! New person. You hungry? There's always enough.",""
"chapter_2","Narrator",412,"He says it like a fact about the universe. There is always e",""
"chapter_2","Narrator",414,"That's Raj.",""
"chapter_2","Narrator",418,"She looks up when Amelia enters. Their eyes meet.",""
"chapter_2","Narrator",420,"She almost smiles. Then she looks away.",""
"chapter_2","Narrator",422,"That's Sarah.",""
"chapter_2","Narrator",433,"She goes to Raj. It's the easiest choice — he's already invi",""
"chapter_2","Amelia",435,"What are you making?",""
"chapter_2","Raj",437,"Dhal. My nan's recipe. Well, my nan's recipe adjusted for th",""
"chapter_2","Narrator",439,"He ladles some into a bowl and hands it to her.",""
"chapter_2","Raj",441,"I'm Raj. Manchester.",""
"chapter_2","Amelia",443,"Amelia. Bromley.",""
"chapter_2","Raj",445,"London girl. Nice. Psychology?",""
"chapter_2","Amelia",447,"How did you—",""
"chapter_2","Raj",449,"Everyone on this floor is Psychology or Marine Biology. We a",""
"chapter_2","Narrator",451,"They eat standing at the counter. The dhal is spectacular.",""
"chapter_2","Amelia",453,"This is amazing.",""
"chapter_2","Raj",455,"Tell my dad that. He thinks I should be running a shop inste",""
"chapter_2","Narrator",457,"He says it lightly. But there's a weight under it that she f",""
"chapter_2","Amelia",466,"Hi.",""
"chapter_2","Narrator",468,"He looks up. Studies her for exactly the right amount of tim",""
"chapter_2","Lucas",470,"Hi.",""
"chapter_2","Narrator",472,"Pause.",""
"chapter_2","Lucas",474,"Lucas.",""
"chapter_2","Amelia",476,"Amelia.",""
"chapter_2","Narrator",478,"Another pause. He doesn't fill it. She realises she doesn't ",""
"chapter_2","Amelia",480,"What are you reading?",""
"chapter_2","Narrator",482,"He turns the book so she can see the cover. The Archetypes a",""
"chapter_2","Amelia",484,"Is that for the course?",""
"chapter_2","Lucas",486,"No.",""
"chapter_2","Narrator",488,"Beat.",""
"chapter_2","Lucas",490,"It's for me.",""
"chapter_2","Amelia",495,"I've been reading Jung too. Man and His Symbols. Someone wro",""
"chapter_2","Lucas",497,"...Notes in the margins?",""
"chapter_2","Amelia",499,"Yeah. In pencil. Things like 'pay attention to the Shadow.'",""
"chapter_2","Narrator",501,"He looks at her. Really looks at her. Something shifts behin",""
"chapter_2","Lucas",503,"That's — yeah. We should talk about that.",""
"chapter_2","Narrator",505,"He almost smiles.",""
"chapter_2","Narrator",512,"She goes to the window. She doesn't entirely know why.",""
"chapter_2","Narrator",514,"The girl looks up. Blue eyes. The kind that remind you of wa",""
"chapter_2","Amelia",516,"Hi. I'm Amelia.",""
"chapter_2","Narrator",518,"A pause. Just long enough that Amelia wonders if she's made ",""
"chapter_2","Sarah",520,"Sarah.",""
"chapter_2","Narrator",522,"She says her name like it's something she's not sure she's a",""
"chapter_2","Amelia",524,"Are you psychology too?",""
"chapter_2","Sarah",526,"Yeah.",""
"chapter_2","Narrator",528,"Sarah takes a sip of her tea. Then, as if deciding something",""
"chapter_2","Sarah",530,"It's a weird night, isn't it? Like — all these strangers in ",""
"chapter_2","Amelia",532,"I've been pretending for about six hours. I'm getting quite ",""
"chapter_2","Narrator",534,"Sarah almost-smiles. It's brief and beautiful, like a bird l",""
"chapter_2","Sarah",536,"I think I've been pretending for longer than that.",""
"chapter_2","Narrator",538,"They sit in silence for a moment. Outside the window, the ca",""
"chapter_2","Narrator",540,"The kitchen fills slowly. More people. A girl from Marine Bi",""
"chapter_2","Narrator",542,"It's not home. But it's warm, and there's food, and for a mo",""
"chapter_2","Narrator",552,"The next five days hit like a wave.",""
"chapter_2","Narrator",559,"Campus tour: a third-year student walking backwards at speed",""
"chapter_2","Narrator",564,"The psychology department: a building that smells of new car",""
"chapter_2","Narrator",566,"Societies fair: too many leaflets, too many people in brande",""
"chapter_2","Narrator",568,"This is a lot. This is — genuinely — a lot.",""
"chapter_2","Narrator",570,"She texts Ella:",""
"chapter_2","Narrator",572,"it's so much ella. there are so many people. someone in a ma",""
"chapter_2","Narrator",574,"Ella replies in four seconds:",""
"chapter_2","Narrator",576,"DID YOU HUG THE MASCOT",""
"chapter_2","Narrator",578,"i did not hug the mascot",""
"chapter_2","Narrator",580,"COWARD",""
"chapter_2","Narrator",592,"Thursday night. The SU.",""
"chapter_2","Narrator",594,"From outside it looks like a regular building having a seizu",""
"chapter_2","Narrator",598,"Liz has dragged Amelia here. Liz is already dancing. Liz was",""
"chapter_2","Liz",600,"COME ON!",""
"chapter_2","Narrator",606,"The music pounds. People she doesn't know shout over it.",""
"chapter_2","Narrator",612,"She drinks the cough medicine. She goes to the dance floor. ",""
"chapter_2","Narrator",614,"She doesn't dance well — she never has, she knows this, she ",""
"chapter_2","Narrator",616,"She meets people. A girl from History who's already lost her",""
"chapter_2","Narrator",618,"Liz is delighted.",""
"chapter_2","Liz",620,"SEE! I TOLD YOU! THIS IS WHAT UNI IS!",""
"chapter_2","Narrator",622,"It's not what uni is. But it's one thing uni is, and tonight",""
"chapter_2","Narrator",624,"She stays until the lights come on at 2am and the magic brea",""
"chapter_2","Narrator",626,"I did that. I actually did that.",""
"chapter_2","Narrator",632,"She finds a spot near the wall, behind a pillar, where the m",""
"chapter_2","Narrator",634,"And she watches.",""
"chapter_2","Narrator",638,"Everybody in this room is performing a version of themselves",""
"chapter_2","Narrator",640,"It's like watching a Milgram experiment in real time. Social",""
"chapter_2","Narrator",642,"Liz appears, sweaty and glowing.",""
"chapter_2","Liz",644,"You okay? You've been standing here for ages.",""
"chapter_2","Amelia",646,"I'm fine. Honestly. I'm enjoying this.",""
"chapter_2","Liz",648,"From... over here? By the pillar?",""
"chapter_2","Amelia",650,"Best seat in the house.",""
"chapter_2","Narrator",652,"Liz doesn't get it, but she respects it. She brings Amelia a",""
"chapter_2","Narrator",661,"She slips out. The night air hits her like a mercy.",""
"chapter_2","Narrator",663,"She finds a bench outside the SU, away from the smokers, and",""
"chapter_2","Narrator",665,"Ella picks up on the second ring.",""
"chapter_2","Ella",667,"Oi. Aren't you supposed to be out? It's freshers'. You're me",""
"chapter_2","Amelia",669,"I was inside for about forty minutes and I think my soul lef",""
"chapter_2","Ella",671,"That bad?",""
"chapter_2","Amelia",673,"Ella. The floor was so sticky. I could feel it through my sh",""
"chapter_2","Ella",675,"Okay, gross, but also — that's the experience? Like, sticky ",""
"chapter_2","Amelia",677,"I'm not ready for this rite of passage. I want the rite of p",""
"chapter_2","Ella",679,"Babe. That's a library. You already know how to do that.",""
"chapter_2","Narrator",681,"They talk for an hour. About nothing. About everything. Abou",""
"chapter_2","Narrator",683,"By the end, the panic has dissolved. Not gone — dissolved. A",""
"chapter_2","Ella",685,"Go back to your room. Make tea. You survived your first nigh",""
"chapter_2","Narrator",697,"Monday. Nine a.m. Lecture Theatre 1.",""
"chapter_2","Narrator",701,"Two hundred first-year psychology students, hung over and an",""
"chapter_2","Narrator",705,"He lets the silence grow.",""
"chapter_2","Narrator",707,"And grow.",""
"chapter_2","Narrator",709,"Someone coughs. Someone else whispers. A phone vibrates.",""
"chapter_2","Narrator",711,"Then:",""
"chapter_2","Prof. Hawthorne",713,"Psychology.",""
"chapter_2","Narrator",715,"He lets the word sit there.",""
"chapter_2","Prof. Hawthorne",717,"The study of behaviour and mind. The logos of the psyche. Yo",""
"chapter_2","Narrator",719,"His voice is quiet. The room gets quieter to match.",""
"chapter_2","Prof. Hawthorne",721,"It is also — if you are paying attention — the study of ever",""
"chapter_2","Narrator",723,"Total silence.",""
"chapter_2","Prof. Hawthorne",725,"I don't say that to alarm you. I say it because it is the tr",""
"chapter_2","Narrator",727,"He picks up a piece of chalk. Writes on the board, in large ",""
"chapter_2","Prof. Hawthorne",729,"Inscribed above the entrance to the Temple of Apollo at Delp",""
"chapter_2","Narrator",731,"He looks at the room.",""
"chapter_2","Prof. Hawthorne",733,"My name is Professor Hawthorne. I will be teaching your Foun",""
"chapter_2","Narrator",735,"A ripple of nervous laughter.",""
"chapter_2","Prof. Hawthorne",737,"You may find this programme difficult. You may find it rewar",""
"chapter_2","Narrator",739,"No one raises a hand.",""
"chapter_2","Prof. Hawthorne",741,"Good. Then we begin.",""
"chapter_2","Narrator",745,"Amelia sits in the fourth row, pen in hand, heart in throat.",""
"chapter_2","Narrator",751,"He's terrifying. In the best way.",""
"chapter_2","Narrator",753,"She writes the date at the top of her notebook. Underlines i",""
"chapter_2","Narrator",755,"I'm going to work so hard he has no choice but to notice. I'",""
"chapter_2","Narrator",757,"Hawthorne begins the lecture. She writes down every word.",""
"chapter_2","Narrator",763,"That's exactly why I'm here.",""
"chapter_2","Narrator",765,"Not for the degree. Not for the career. Not for the proud lo",""
"chapter_2","Narrator",767,"I'm here because I don't know myself. I don't know why I thi",""
"chapter_2","Narrator",769,"She writes 'KNOW THYSELF' in her notebook and draws a box ar",""
"chapter_2","Narrator",771,"Let's find out.",""
"chapter_2","Narrator",777,"Everything you're afraid to look at in yourself.",""
"chapter_2","Narrator",779,"The words land somewhere below her ribs. Not her mind — her ",""
"chapter_2","Narrator",781,"There's something I'm afraid to look at. I don't know what i",""
"chapter_2","Narrator",786,"The Paracelsus book said something similar. 'He who knows hi",""
"chapter_2","Liz",802,"We're going to a party.",""
"chapter_2","Amelia",804,"We are?",""
"chapter_2","Liz",806,"Third-floor flat. Someone called Jake? I don't know him but ",""
"chapter_2","Narrator",812,"And then Amelia walks into the kitchen.",""
"chapter_2","Narrator",816,"Three people are watching her. She turns a card. Looks at it",""
"chapter_2","Maya",818,"The Lovers. Which doesn't mean what you think it means. It's",""
"chapter_2","Narrator",820,"The person across from her looks relieved.",""
"chapter_2","Maya",822,"Or it's about romance. Cards are ambiguous like that. Very o",""
"chapter_2","Narrator",824,"She looks up. Her eyes find Amelia.",""
"chapter_2","Maya",826,"Want to know your fortune?",""
"chapter_2","Amelia",828,"I... sure?",""
"chapter_2","Maya",832,"Cut the deck. Left hand. Don't think about it.",""
"chapter_2","Narrator",834,"Amelia cuts the deck.",""
"chapter_2","Narrator",836,"Maya turns the top card.",""
"chapter_2","Narrator",838,"The card shows a tower being struck by lightning. Flames. Fi",""
"chapter_2","Maya",840,"The Tower.",""
"chapter_2","Maya",844,"Don't worry. It's actually a good card.",""
"chapter_2","Amelia",846,"That doesn't look like a good card.",""
"chapter_2","Maya",848,"It means destruction. But it means necessary destruction. Bu",""
"chapter_2","Narrator",850,"She taps the card.",""
"chapter_2","Maya",852,"Everything that isn't you is about to fall away. Eventually,",""
"chapter_2","Amelia",854,"Eventually?",""
"chapter_2","Maya",856,"Eventually.",""
"chapter_2","Narrator",858,"She smiles. It's warm and slightly unsettling.",""
"chapter_2","Maya",860,"I'm Maya, by the way. Come find me if you want to talk about",""
"chapter_2","Narrator",873,"Sunday night. The first full week is done.",""
"chapter_2","Narrator",877,"Her phone is open to the group chat Liz started. Messages fr",""
"chapter_2","Narrator",879,"Nothing from Sarah.",""
"chapter_2","Narrator",881,"She picks up the phone. Types a text to Ella:",""
"chapter_2","Narrator",883,"first week done. still alive. miss you x",""
"chapter_2","Narrator",885,"Ella replies immediately:",""
"chapter_2","Narrator",887,"course you're alive. you're you. tell me everything tomorrow",""
"chapter_2","Narrator",889,"even the sticky floor story?",""
"chapter_2","Narrator",891,"ESPECIALLY the sticky floor story",""
"chapter_2","Narrator",893,"Amelia puts the phone down. Pulls the curtain aside.",""
"chapter_2","Narrator",895,"She came here not knowing anyone. Not knowing where the lect",""
"chapter_2","Narrator",897,"She knows now.",""
"chapter_2","Narrator",899,"I'm here. I'm actually here. And tomorrow — another week. An",""
"chapter_2","Narrator",901,"She doesn't know yet what she's figuring out. She doesn't kn",""
"chapter_2","Narrator",903,"She doesn't know about any of it.",""
"chapter_2","Narrator",905,"But something has started. Under the surface. Like a tide tu",""
"chapter_2","Centered",911,"End of Chapter Two",""
"chapter_3","Centered",26,"Chapter Three\n\nRefusal of the Call",""
"chapter_3","Narrator",44,"The reading list is seven pages long. Single-spaced. Amelia ",""
"chapter_3","Narrator",48,"I don't understand any of this. Why is there so much statist",""
"chapter_3","Narrator",50,"Her phone pings:",""
"chapter_3","Narrator",52,"ella: hows it going x",""
"chapter_3","Narrator",54,"killing it obviously",""
"chapter_3","Narrator",56,"ella: liar",""
"chapter_3","Narrator",60,"ella: welcome to university babe its just reading ina fancy ",""
"chapter_3","Narrator",62,"She puts the phone down. Opens the Eysenck chapter. Reads ab",""
"chapter_3","Narrator",64,"Everyone else seems to be managing. Sophia — I've seen her i",""
"chapter_3","Narrator",76,"The kitchen light is on.",""
"chapter_3","Narrator",82,"She looks up.",""
"chapter_3","Liz",84,"Oh — sorry, I — it's nothing, I'm fine—",""
"chapter_3","Narrator",86,"She's not fine. The sentence breaks halfway through, like so",""
"chapter_3","Narrator",90,"It's 2am. The kitchen light hums. Liz is not fine.",""
"chapter_3","Narrator",100,"She puts one in front of Liz and sits opposite.",""
"chapter_3","Amelia",102,"You don't have to be fine.",""
"chapter_3","Narrator",104,"That's all it takes. The dam breaks.",""
"chapter_3","Liz",106,"I miss my dog. I know that sounds stupid but I miss Marvin s",""
"chapter_3","Narrator",108,"She can't finish the sentence.",""
"chapter_3","Liz",110,"And I miss my mum's roast. And I miss being able to walk to ",""
"chapter_3","Narrator",112,"Amelia doesn't say 'it'll get better.' She doesn't say 'ever",""
"chapter_3","Narrator",114,"They stay until three. Then four. At some point Liz starts l",""
"chapter_3","Narrator",116,"By the time they go back to bed, something has shifted. The ",""
"chapter_3","Amelia",122,"Hey. Are you okay?",""
"chapter_3","Liz",124,"Yeah, just — homesick. It's daft.",""
"chapter_3","Amelia",126,"It's not daft.",""
"chapter_3","Amelia",130,"Do you want me to sit for a bit?",""
"chapter_3","Liz",132,"No, no. Honestly. Go back to sleep. I'm fine.",""
"chapter_3","Narrator",134,"Amelia hesitates. Then nods.",""
"chapter_3","Amelia",136,"If you need anything — I'm right next door.",""
"chapter_3","Narrator",138,"'Right next door' is about four metres of plasterboard. She ",""
"chapter_3","Narrator",140,"I should have stayed. Maybe. I don't know.",""
"chapter_3","Narrator",146,"Amelia pauses in the kitchen doorway. Her hand on the light ",""
"chapter_3","Narrator",148,"She could go in. She could sit down. She could be the person",""
"chapter_3","Narrator",152,"Through the wall, she hears Liz blow her nose. Then silence.",""
"chapter_3","Narrator",154,"She'll be okay. People are always okay eventually. Aren't th",""
"chapter_3","Narrator",156,"She stares at the ceiling until sleep comes. It takes a long",""
"chapter_3","Narrator",168,"A voice — smooth, precise, calibrated to carry just far enou",""
"chapter_3","Tasha",170,"Oh, love, is that a charity shop jacket?",""
"chapter_3","Tasha",174,"No, genuinely, I think that's sweet. Very... sustainable.",""
"chapter_3","Narrator",176,"Two of her friends — Amelia doesn't know their names yet — l",""
"chapter_3","Narrator",178,"Amelia's coat is from a charity shop. It's corduroy. Grace f",""
"chapter_3","Narrator",182,"The corridor is full of people. Several are watching.",""
"chapter_3","Narrator",189,"Amelia looks at this woman. Looks at the jacket. Looks back.",""
"chapter_3","Amelia",191,"Yeah, it is. My mum found it. Washed it three times.",""
"chapter_3","Narrator",193,"Beat.",""
"chapter_3","Amelia",195,"It's corduroy. In case you were wondering about the fabric.",""
"chapter_3","Narrator",199,"Tasha's smile flickers. Just for a moment — a micro-expressi",""
"chapter_3","Tasha",201,"Right. Well. It suits you.",""
"chapter_3","Narrator",205,"Later, Raj says: 'That's Tasha Reynolds. She's second year. ",""
"chapter_3","Narrator",211,"Amelia says nothing. She picks up her bag, turns, and walks ",""
"chapter_3","Narrator",213,"Behind her, she hears the laughter swell and then subside, l",""
"chapter_3","Narrator",215,"Don't react. That's what she wants. That's literally what sh",""
"chapter_3","Narrator",217,"Her hands are shaking. She's glad her back is turned.",""
"chapter_3","Narrator",219,"She sits down. Opens her notebook. The words swim.",""
"chapter_3","Narrator",221,"It's just a coat. It's just a stupid coat.",""
"chapter_3","Narrator",223,"But she pulls it tighter around herself. Grace's coat. Washe",""
"chapter_3","Narrator",231,"Amelia hears herself laugh. It comes out before she's decide",""
"chapter_3","Amelia",233,"Yeah, I know, it's a bit vintage, isn't it?",""
"chapter_3","Narrator",235,"Tasha smiles. The real kind, or at least the kind that looks",""
"chapter_3","Tasha",237,"Vintage. That's one word for it.",""
"chapter_3","Narrator",239,"They laugh together. The corridor relaxes. Amelia is one of ",""
"chapter_3","Narrator",241,"She hates how good it feels.",""
"chapter_3","Narrator",243,"What was that? What did I just do?",""
"chapter_3","Narrator",245,"Later, alone, she thinks about Grace in the charity shop, ho",""
"chapter_3","Narrator",247,"She feels sick.",""
"chapter_3","Narrator",261,"Week four. A seminar on cognitive bias and social perception",""
"chapter_3","Narrator",263,"The topic turns to implicit bias testing. Tasha raises her h",""
"chapter_3","Tasha",265,"I just think the whole 'unconscious bias' thing is a bit — i",""
"chapter_3","Narrator",267,"She says 'frankly' like she's being brave, not ignorant.",""
"chapter_3","Tasha",269,"And if it's unconscious, then it's not really your fault, is",""
"chapter_3","Narrator",271,"The room shifts. Some people look at their notes. The tutor ",""
"chapter_3","Narrator",273,"But it's Zara who speaks.",""
"chapter_3","Narrator",275,"She's been sitting at the end of the table. Braids pulled ba",""
"chapter_3","Zara",277,"Would you like me to explain how unconscious bias works? I'v",""
"chapter_3","Narrator",279,"Her voice is level. But the room feels it — the temperature ",""
"chapter_3","Tasha",281,"I wasn't saying—",""
"chapter_3","Zara",283,"You were saying it's not anyone's fault. Which is convenient",""
"chapter_3","Narrator",285,"The silence is total.",""
"chapter_3","Zara",287,"But you know what — you're half right. It is unconscious. Fo",""
"chapter_3","Narrator",289,"Tasha says nothing. Her face is a mask.",""
"chapter_3","Narrator",291,"The tutor says something about moving on. Nobody moves on.",""
"chapter_3","Narrator",295,"The seminar is over. People are packing up. Zara is putting ",""
"chapter_3","Amelia",304,"That was brilliant.",""
"chapter_3","Narrator",306,"She says it in the corridor. In front of people. Loud enough",""
"chapter_3","Narrator",308,"Zara looks at her. Assesses her. Decides.",""
"chapter_3","Zara",310,"You're in my corridor, aren't you? First floor?",""
"chapter_3","Amelia",312,"Amelia. Room 14.",""
"chapter_3","Zara",314,"Zara. I'm second year. I know Tasha. She does this.",""
"chapter_3","Amelia",316,"I figured.",""
"chapter_3","Zara",318,"Most people just watch, you know. Like it's telly.",""
"chapter_3","Amelia",320,"That felt less like something you watch and more like someth",""
"chapter_3","Narrator",322,"The ghost of a smile.",""
"chapter_3","Zara",324,"Stand next to. I like that.",""
"chapter_3","Narrator",326,"She nods, once, like something has been decided.",""
"chapter_3","Zara",328,"Come to the library sometime. I'm usually on third floor. We",""
"chapter_3","Narrator",335,"Amelia waits until the room clears. Catches Zara in the stai",""
"chapter_3","Amelia",337,"Hey — I just wanted to say. What you said in there. It matte",""
"chapter_3","Narrator",339,"Zara looks at her. The guard is still up.",""
"chapter_3","Zara",341,"Thanks.",""
"chapter_3","Amelia",343,"I should have said something too. I wanted to.",""
"chapter_3","Zara",345,"But you didn't.",""
"chapter_3","Narrator",347,"It's not an accusation. Just an observation.",""
"chapter_3","Amelia",349,"No. I didn't.",""
"chapter_3","Zara",351,"It's hard the first time. It's hard every time, honestly. Bu",""
"chapter_3","Narrator",353,"She pauses.",""
"chapter_3","Zara",355,"Next time.",""
"chapter_3","Amelia",357,"Next time.",""
"chapter_3","Narrator",359,"Zara nods. It's not approval, exactly. It's an invitation to",""
"chapter_3","Narrator",364,"Amelia picks up her bag. Leaves the room. Says nothing.",""
"chapter_3","Narrator",366,"She sees Zara in the corridor, walking alone, back straight,",""
"chapter_3","Narrator",368,"Zara notes the silence. Her expression doesn't change. But s",""
"chapter_3","Narrator",370,"I should have said something. I know I should have said some",""
"chapter_3","Narrator",372,"She didn't.",""
"chapter_3","Narrator",374,"Next time. I'll say something next time.",""
"chapter_3","Narrator",376,"But next time is always easier to promise than this time is ",""
"chapter_3","Narrator",386,"A note appeared on the kitchen noticeboard. Written in Lucas",""
"chapter_3","Narrator",388,"Jung Reading Group. My room (17). Wednesday, 7pm. Bring the ",""
"chapter_3","Lucas",392,"Right. So. The collective unconscious.",""
"chapter_3","Narrator",394,"He says it like someone testing whether the words will hold.",""
"chapter_3","Lucas",396,"Jung says we're all carrying these... patterns. Archetypes. ",""
"chapter_3","Narrator",398,"He looks up.",""
"chapter_3","Lucas",400,"I find this either the most terrifying idea in psychology or",""
"chapter_3","Narrator",404,"The room is small. Books stacked on the desk. A single lamp ",""
"chapter_3","Amelia",411,"I think it's both.",""
"chapter_3","Lucas",413,"Both?",""
"chapter_3","Amelia",415,"Terrifying because it means there are parts of ourselves we ",""
"chapter_3","Narrator",417,"She pauses. Finds the thought.",""
"chapter_3","Amelia",419,"—because it means we're not alone in it. Everyone has a Shad",""
"chapter_3","Narrator",421,"Lucas is very still. The way he gets when he's really listen",""
"chapter_3","Lucas",423,"That's... exactly right.",""
"chapter_3","Narrator",425,"They talk for two hours. About the Shadow. About dreams. Abo",""
"chapter_3","Amelia",428,"The copy I got from a charity shop — someone wrote 'pay atte",""
"chapter_3","Lucas",430,"Pay attention to the Shadow.",""
"chapter_3","Narrator",432,"He lets the phrase sit in the room.",""
"chapter_3","Lucas",434,"Someone was trying to pass something on. Through the margin ",""
"chapter_3","Narrator",436,"By the end, the tea is cold and the light has changed and so",""
"chapter_3","Narrator",442,"She tries to engage. She does. But her mind keeps sliding ba",""
"chapter_3","Amelia",444,"Sorry — can you say that again? I'm a bit...",""
"chapter_3","Lucas",446,"Overwhelmed?",""
"chapter_3","Amelia",448,"Is it that obvious?",""
"chapter_3","Lucas",450,"You've checked your phone three times in twenty minutes. And",""
"chapter_3","Narrator",452,"She puts the pen down.",""
"chapter_3","Amelia",454,"I want to be here for this. I really do. I just—",""
"chapter_3","Lucas",456,"Go. Do the essay. We can talk about Jung anytime.",""
"chapter_3","Narrator",458,"He means it. There's no judgement in it — just the quiet pra",""
"chapter_3","Narrator",463,"She doesn't go.",""
"chapter_3","Narrator",465,"She sees the note on the noticeboard. Thinks about it. Start",""
"chapter_3","Narrator",467,"I can't. I've got the essay. I've got the reading. I've got ",""
"chapter_3","Narrator",469,"She texts Lucas:",""
"chapter_3","Narrator",471,"sorry, cant make it tonight. drowning in eysenck",""
"chapter_3","Narrator",473,"He replies:",""
"chapter_3","Narrator",475,"another time. the unconscious will wait",""
"chapter_3","Narrator",477,"She stares at the message. There's something in that — the u",""
"chapter_3","Narrator",487,"Maya corners Amelia in the philosophy corridor on a Thursday",""
"chapter_3","Maya",489,"Okay, so, I know this is going to sound weird.",""
"chapter_3","Amelia",491,"When you start with that, it's always going to be weird.",""
"chapter_3","Maya",493,"Fair. But listen — I'm doing a thing tonight. A meditation t",""
"chapter_3","Amelia",495,"...Chanting.",""
"chapter_3","Maya",497,"Gentle chanting! Meditative chanting! Not cult chanting. The",""
"chapter_3","Narrator",499,"She hands Amelia a flyer she's made herself — hand-drawn man",""
"chapter_3","Maya",501,"It's about presence. Being in your body. Connecting to somet",""
"chapter_3","Narrator",503,"She pauses.",""
"chapter_3","Maya",505,"I think you'd get something out of it. Something you're not ",""
"chapter_3","Narrator",509,"Maya's room, 8pm. The invitation hangs in the air between th",""
"chapter_3","Maya",524,"We're going to sit for twenty minutes. No talking. No phones",""
"chapter_3","Narrator",526,"Amelia closes her eyes.",""
"chapter_3","Narrator",530,"But then. Slowly. The chatter fades.",""
"chapter_3","Narrator",532,"The incense becomes the whole room. The candle warmth. The s",""
"chapter_3","Narrator",534,"She feels — she doesn't know what she feels. Present. Ground",""
"chapter_3","Narrator",536,"And then, briefly, something else. A feeling she can't name.",""
"chapter_3","Narrator",538,"Twenty minutes. Maya rings a small bell.",""
"chapter_3","Maya",540,"Welcome back.",""
"chapter_3","Narrator",542,"Amelia opens her eyes. The room is the same. But she isn't, ",""
"chapter_3","Maya",544,"How was that?",""
"chapter_3","Amelia",546,"I don't know. I felt... something.",""
"chapter_3","Maya",548,"That's the most honest answer I've ever heard.",""
"chapter_3","Narrator",550,"She smiles. The warm, slightly unsettling Maya smile.",""
"chapter_3","Maya",552,"The something is the beginning. We'll talk about it.",""
"chapter_3","Narrator",562,"Amelia goes. She sits on a cushion near the door. She doesn'",""
"chapter_3","Narrator",564,"She watches the others — their faces softening, their breath",""
"chapter_3","Narrator",566,"She doesn't fully participate. The chanting feels too expose",""
"chapter_3","Narrator",568,"Afterwards, Maya finds her.",""
"chapter_3","Maya",570,"You didn't close your eyes.",""
"chapter_3","Amelia",572,"I wanted to see.",""
"chapter_3","Maya",574,"Seeing is its own practice. Not everyone gets that.",""
"chapter_3","Maya",578,"Next time, try closing them. Not because it's better — but b",""
"chapter_3","Amelia",583,"I appreciate the invite, Maya. I really do. But it's... not ",""
"chapter_3","Maya",585,"That's okay. The door's open.",""
"chapter_3","Narrator",589,"In her room that night, Amelia hears something through the w",""
"chapter_3","Narrator",591,"I should have gone. Maybe.",""
"chapter_3","Narrator",593,"But she didn't. And the door stays open, but the distance gr",""
"chapter_3","Narrator",605,"Week five. The library. Fourth floor. The window overlooking",""
"chapter_3","Narrator",607,"She's been here since two in the afternoon. It's now nine. T",""
"chapter_3","Narrator",609,"She can't do this.",""
"chapter_3","Narrator",611,"The thought arrives not as an opinion but as a physical sens",""
"chapter_3","Narrator",613,"I can't — I can't breathe —",""
"chapter_3","Narrator",615,"Her heart is racing. The words on the page blur. The fluores",""
"chapter_3","Narrator",617,"What's wrong with me what's wrong what's happening—",""
"chapter_3","Narrator",619,"She grabs the edge of the desk. Her knuckles are white.",""
"chapter_3","Narrator",621,"I'm having a — this is a — I know what this is from the text",""
"chapter_3","Narrator",623,"Her body doesn't care what the textbook says. Her body says:",""
"chapter_3","Narrator",625,"She puts her head down on her arms. Breathes. Counts. Loses ",""
"chapter_3","Narrator",627,"Three minutes. Five. Seven.",""
"chapter_3","Narrator",629,"It passes. They always pass. But the aftermath — the shaky, ",""
"chapter_3","Narrator",639,"She takes out her phone. Opens the university website. Finds",""
"chapter_3","Narrator",641,"This is going to feel like admitting I'm failing.",""
"chapter_3","Narrator",643,"She books an appointment. Tomorrow, 2pm, Dr. Simmons' office",""
"chapter_3","Narrator",645,"Or maybe it's going to feel like admitting I'm human.",""
"chapter_3","Narrator",647,"She packs up her things. Walks home through the wet streets.",""
"chapter_3","Narrator",649,"The next day, she goes. The chair in Dr. Simmons' office is,",""
"chapter_3","Dr. Simmons",651,"Right, come in, sit down. Tea? I've got ginger biscuits or t",""
"chapter_3","Amelia",653,"...Ginger, please.",""
"chapter_3","Narrator",655,"It is the hardest and simplest thing she's ever done.",""
"chapter_3","Narrator",661,"Get up. Open the book. Read the page. Write the paragraph. G",""
"chapter_3","Narrator",663,"She gets up.",""
"chapter_3","Narrator",665,"She reads the page. Writes the paragraph. Read the next page",""
"chapter_3","Narrator",667,"The panic is a thing that happened. She files it under 'not ",""
"chapter_3","Narrator",669,"She submits it at 11:47pm. Walks home in the rain. Lies in b",""
"chapter_3","Narrator",671,"I'm fine. I'm managing. Everybody pushes through. That's wha",""
"chapter_3","Narrator",673,"The ceiling doesn't argue.",""
"chapter_3","Narrator",682,"Ring. Ring.",""
"chapter_3","Ella",684,"Hello?",""
"chapter_3","Amelia",686,"Ella.",""
"chapter_3","Narrator",688,"That's all she says. Ella's name. But Ella hears everything ",""
"chapter_3","Ella",690,"Okay. You're sitting down, right? Tell me you're sitting dow",""
"chapter_3","Amelia",692,"I'm in the library.",""
"chapter_3","Ella",694,"Okay. Good. Library is safe. Libraries are excellent. Tell m",""
"chapter_3","Amelia",696,"What?",""
"chapter_3","Ella",698,"It's a grounding thing. I saw it on TikTok. Five things you ",""
"chapter_3","Amelia",700,"Um — the desk. The book. The window. A girl with a red backp",""
"chapter_3","Ella",702,"Good. Now four things you can touch.",""
"chapter_3","Ella",706,"There. Better?",""
"chapter_3","Amelia",708,"How did you know to do that?",""
"chapter_3","Ella",710,"Babe. I've been having panic attacks since Year 10. You thin",""
"chapter_3","Narrator",712,"They laugh. It's a thin laugh, but it holds.",""
"chapter_3","Ella",714,"Go home. Make toast. Get in bed. I'll stay on the phone till",""
"chapter_3","Narrator",716,"She does.",""
"chapter_3","Narrator",735,"It's not planned. They run into each other after a Tuesday l",""
"chapter_3","Sarah",737,"I was going to walk to the Hoe. If you want to come.",""
"chapter_3","Narrator",739,"She says it like someone offering something they expect to h",""
"chapter_3","Amelia",741,"Yeah. Okay.",""
"chapter_3","Narrator",745,"The bench faces south. Grey sky. Grey water. The breakwater ",""
"chapter_3","Narrator",747,"Smeaton's Tower is behind them — red and white, absurd and b",""
"chapter_3","Narrator",749,"They sit.",""
"chapter_3","Narrator",751,"Sarah holds her tea in both hands — she's always holding tea",""
"chapter_3","Narrator",753,"They talk. Lectures. Weather. Whether the library café charg",""
"chapter_3","Narrator",755,"And then Sarah goes quiet.",""
"chapter_3","Narrator",757,"Not the normal quiet — not the thinking pause or the comfort",""
"chapter_3","Sarah",759,"Do you ever feel like you're watching your life from outside",""
"chapter_3","Narrator",761,"She says it to the sea, not to Amelia.",""
"chapter_3","Sarah",763,"Like you're in the audience and the play is happening and yo",""
"chapter_3","Narrator",765,"The seagulls scream. The wind pulls at their coats.",""
"chapter_3","Narrator",769,"Sarah's question hangs in the salt air. She hasn't looked at",""
"chapter_3","Amelia",777,"Yeah...",""
"chapter_3","Narrator",779,"She thinks about it. Really thinks about it.",""
"chapter_3","Amelia",781,"I think I do sometimes. Not all the time. But there are mome",""
"chapter_3","Narrator",783,"Sarah turns. Looks at her. Her eyes are wide, and Amelia see",""
"chapter_3","Sarah",785,"You too?",""
"chapter_3","Amelia",787,"Yeah.",""
"chapter_3","Narrator",789,"Silence. But not a bad silence. The kind that has room in it",""
"chapter_3","Sarah",791,"I thought it was just me. I thought — everyone else seems so",""
"chapter_3","Amelia",793,"Sometimes I think the people who look most 'in it' are just ",""
"chapter_3","Narrator",795,"Sarah's almost-smile. It lasts longer this time.",""
"chapter_3","Sarah",797,"Thanks for not telling me it's just stress.",""
"chapter_3","Amelia",799,"Is it just stress?",""
"chapter_3","Sarah",801,"No.",""
"chapter_3","Narrator",803,"They sit. The sea doesn't care, but the bench does, and they",""
"chapter_3","Amelia",811,"That sounds really hard. Do you want to talk about it?",""
"chapter_3","Narrator",813,"Sarah blinks. Recalibrates. Something closes slightly — not ",""
"chapter_3","Sarah",815,"It's fine. I'm fine. Just thinking out loud.",""
"chapter_3","Narrator",817,"She takes a sip of tea.",""
"chapter_3","Sarah",819,"University does weird things to your head, doesn't it?",""
"chapter_3","Amelia",821,"Yeah. It does.",""
"chapter_3","Narrator",823,"They talk for a bit longer. About safer things — the essays,",""
"chapter_3","Narrator",825,"Sarah doesn't come back to the thing she said. The crack ope",""
"chapter_3","Narrator",827,"When they part, Sarah's smile is polite. Grateful. But the w",""
"chapter_3","Amelia",834,"I'm sure it'll pass. University is stressful for everyone.",""
"chapter_3","Narrator",836,"Sarah nods.",""
"chapter_3","Sarah",838,"Yeah. You're right.",""
"chapter_3","Narrator",840,"The light goes out of her voice.",""
"chapter_3","Narrator",842,"She changes the subject. A quick question about the essay de",""
"chapter_3","Narrator",846,"She does not raise the subject again.",""
"chapter_3","Narrator",856,"Midterm assessments.",""
"chapter_3","Narrator",858,"The marks go up. Not publicly — this isn't secondary school ",""
"chapter_3","Narrator",860,"Sophia Langford got 78%%. The highest in the cohort.",""
"chapter_3","Narrator",862,"Amelia got 62%%. Which is fine. It's a 2:1. It's respectable",""
"chapter_3","Narrator",864,"It's not fine.",""
"chapter_3","Narrator",866,"She sees Sophia in the library. Red curly hair, highlighters",""
"chapter_3","Narrator",868,"Sophia doesn't know Amelia exists, which is somehow worse th",""
"chapter_3","Narrator",870,"And then: Hawthorne's essay feedback. She checks the univers",""
"chapter_3","Narrator",872,"\""An adequate survey of the literature. I note, however, tha",""
"chapter_3","Narrator",876,"She stares at the screen. 62%% and the most thorough dismant",""
"chapter_3","Narrator",883,"She sends the email before she can talk herself out of it:",""
"chapter_3","Narrator",885,"\""Professor Hawthorne — Thank you for your feedback. I'd lik",""
"chapter_3","Narrator",889,"\""Miss James — Thursday, 2pm. Bring the essay and a willingn",""
"chapter_3","Narrator",891,"A willingness to be wrong about something.",""
"chapter_3","Narrator",893,"The meeting is hard. He dismantles her argument point by poi",""
"chapter_3","Narrator",895,"She leaves his office humbled. Not broken — humbled. There's",""
"chapter_3","Narrator",901,"She reads the feedback three times. Then she opens a new doc",""
"chapter_3","Narrator",903,"Not because he asked her to. Because she needs to prove — to",""
"chapter_3","Narrator",905,"She works until midnight. Until two. The new version is angr",""
"chapter_3","Narrator",907,"She doesn't send it. It stays on her desktop, titled 'REAL_E",""
"chapter_3","Narrator",909,"I am going to get so good at this that he runs out of critic",""
"chapter_3","Narrator",911,"It's a productive thought. It's also, she suspects, a lonely",""
"chapter_3","Narrator",917,"78%%. She got 78%%. I got 62%%. That's a sixteen-point gap. ",""
"chapter_3","Narrator",919,"The spiral starts fast and goes faster.",""
"chapter_3","Narrator",921,"She's smarter than me. She's always going to be smarter than",""
"chapter_3","Narrator",923,"Amelia closes the laptop.",""
"chapter_3","Narrator",925,"I don't belong here. I'm from Bromley and I don't have colou",""
"chapter_3","Narrator",927,"She lies on her bed and stares at the ceiling. The glow-in-t",""
"chapter_3","Narrator",929,"I'm not good enough.",""
"chapter_3","Narrator",931,"The thought stays. It breeds.",""
"chapter_3","Narrator",943,"Late one night, alone in the library. She's procrastinating,",""
"chapter_3","Narrator",945,"She takes the Paracelsus out of her bag. She does this somet",""
"chapter_3","Narrator",947,"But tonight, she turns to the back pages and finds something",""
"chapter_3","Narrator",949,"\""Seek the one who walks between. She is enrolled but not en",""
"chapter_3","Narrator",951,"...What?",""
"chapter_3","Narrator",953,"She takes out her phone and searches: pellar cornwall",""
"chapter_3","Narrator",955,"Wikipedia: A pellar (from Cornish 'pellor', meaning 'to repe",""
"chapter_3","Narrator",957,"A Cornish... folk healer? Who's enrolled? At the university?",""
"chapter_3","Narrator",959,"She reads the note again. She is enrolled but not enrolled. ",""
"chapter_3","Narrator",961,"It can't be real. Someone wrote these notes years ago. Decad",""
"chapter_3","Narrator",963,"Unless she isn't.",""
"chapter_3","Narrator",965,"She puts the book away.",""
"chapter_3","Narrator",967,"Unless she isn't.",""
"chapter_3","Narrator",981,"Amelia lies in bed listening to it. The radiator clanks. Nex",""
"chapter_3","Narrator",983,"She hasn't called Ella in three days. She texts, but it's no",""
"chapter_3","Narrator",985,"She checks her phone. A message from Lucas: library tomorrow",""
"chapter_3","Narrator",987,"A message from Raj: leftover biryani in the fridge, your nam",""
"chapter_3","Narrator",989,"Nothing from Sarah.",""
"chapter_3","Narrator",991,"It's getting harder to pretend I know what I'm doing.",""
"chapter_3","Narrator",993,"She rolls over. The pillow smells like this place now. Not h",""
"chapter_3","Narrator",995,"Maybe that's okay. Maybe pretending is just what everyone do",""
"chapter_3","Narrator",997,"The rain. The radiator. Attenborough's voice through the wal",""
"chapter_3","Narrator",999,"The ground holds. I think. For now.",""
"chapter_3","Centered",1026,"End of Chapter Three",""
"chapter_4","Centered",27,"Chapter Four\n\nMeeting the Mentor",""
"chapter_4","Narrator",46,"An email. Wednesday morning. From the department:",""
"chapter_4","Narrator",48,"\""Dear Ms James, you have been assigned Prof. Arthur Hawthor",""
"chapter_4","Narrator",50,"Hawthorne. Of course it's Hawthorne.",""
"chapter_4","Narrator",54,"Inside: books. Floor to ceiling. Organised by era, not by au",""
"chapter_4","Narrator",56,"Earl Grey in a bone china cup. Always.",""
"chapter_4","Prof. Hawthorne",58,"Miss James. Sit down.",""
"chapter_4","Narrator",60,"He's reading her essay. The one he already destroyed via por",""
"chapter_4","Prof. Hawthorne",62,"I've been thinking about your essay.",""
"chapter_4","Amelia",64,"I've been trying not to.",""
"chapter_4","Narrator",66,"The ghost of a smile.",""
"chapter_4","Prof. Hawthorne",68,"You summarised Eysenck's position competently. That's not a ",""
"chapter_4","Amelia",70,"About... personality traits being biologically determined?",""
"chapter_4","Prof. Hawthorne",72,"Yes.",""
"chapter_4","Amelia",74,"I... I think there's good evidence for it.",""
"chapter_4","Prof. Hawthorne",76,"Now argue the opposite.",""
"chapter_4","Amelia",78,"What?",""
"chapter_4","Prof. Hawthorne",80,"Tell me he was wrong. Convince me. You have three minutes.",""
"chapter_4","Narrator",82,"He leans back. Tents his fingers. Waits.",""
"chapter_4","Narrator",84,"The silence is excruciating.",""
"chapter_4","Narrator",97,"An email. Wednesday morning:",""
"chapter_4","Narrator",101,"A smiley face in a professional email. That's either a good ",""
"chapter_4","Narrator",103,"Dr. Simmons' office is on the second floor. The door is cove",""
"chapter_4","Narrator",105,"Inside: plants. So many plants. On the shelves, on the windo",""
"chapter_4","Narrator",107,"And the chairs. The chairs are, as promised, extremely comfo",""
"chapter_4","Dr. Simmons",109,"Right, come in, sit down. Tea? I've got ginger biscuits and ",""
"chapter_4","Amelia",111,"Ginger, please.",""
"chapter_4","Dr. Simmons",113,"Smart girl. Right.",""
"chapter_4","Dr. Simmons",117,"So. How are you, Amelia?",""
"chapter_4","Narrator",119,"She smiles.",""
"chapter_4","Dr. Simmons",121,"And I mean actually — not the version you tell your parents.",""
"chapter_4","Narrator",134,"Maya doesn't send an email. Maya sends a text at 5:47am:",""
"chapter_4","Narrator",136,"maya: hoe. now. sunrise. bring a coat. trust me",""
"chapter_4","Narrator",138,"It is — I cannot stress this enough — five forty-seven in th",""
"chapter_4","Narrator",140,"But she goes.",""
"chapter_4","Narrator",142,"The Hoe at dawn. She's only ever seen it in afternoon grey. ",""
"chapter_4","Narrator",144,"Maya is already there. Cross-legged on the grass, face tilte",""
"chapter_4","Maya",146,"Sit.",""
"chapter_4","Narrator",148,"Amelia sits.",""
"chapter_4","Narrator",150,"They watch the sun come up.",""
"chapter_4","Narrator",152,"It takes about fifteen minutes. In those fifteen minutes, Am",""
"chapter_4","Narrator",154,"When the sun clears the horizon, Maya speaks.",""
"chapter_4","Maya",156,"This is where it starts.",""
"chapter_4","Amelia",158,"...Psychology?",""
"chapter_4","Maya",160,"Attention. Attention is the root of everything. Attention to",""
"chapter_4","Narrator",162,"She looks at Amelia.",""
"chapter_4","Maya",164,"I've been watching you. You pay attention. Not everyone does",""
"chapter_4","Narrator",177,"It doesn't happen through the department.",""
"chapter_4","Narrator",179,"It happens in the second-hand bookshop on the Barbican. A Sa",""
"chapter_4","Narrator",181,"A voice behind her. Low, unhurried. A Cornish accent — not t",""
"chapter_4","Elena",183,"Have you found the note yet?",""
"chapter_4","Narrator",187,"She's looking at Amelia like she's been expecting her.",""
"chapter_4","Amelia",189,"Sorry — do I know you?",""
"chapter_4","Elena",191,"Elena Trevorran. I'm in the psychology programme.",""
"chapter_4","Amelia",193,"I haven't seen you in any—",""
"chapter_4","Elena",195,"I'm part-time. I attend when I attend.",""
"chapter_4","Narrator",197,"She glances at the bag over Amelia's shoulder. At the shape ",""
"chapter_4","Elena",199,"The note. In the front cover. Have you really read it?",""
"chapter_4","Narrator",201,"A cold feeling. Not unpleasant. Like stepping into a river.",""
"chapter_4","Amelia",203,"How did you know about the note?",""
"chapter_4","Elena",205,"I wrote it.",""
"chapter_4","Elena",209,"Seek the pellar where the land meets the sea. You looked it ",""
"chapter_4","Amelia",211,"I... yes. A pellar is a Cornish—",""
"chapter_4","Elena",213,"I know what it is.",""
"chapter_4","Narrator",215,"She smiles. Just barely.",""
"chapter_4","Elena",217,"I've been watching you in the corridor. You walk like someon",""
"chapter_4","Amelia",219,"That's... a strange thing to say.",""
"chapter_4","Elena",221,"I'm a strange person. Come to Cornwall with me next Saturday",""
"chapter_4","Amelia",223,"I don't even—",""
"chapter_4","Elena",225,"Just come. Dress warm.",""
"chapter_4","Narrator",232,"The mentor has spoken. Something has opened.",""
"chapter_4","Narrator",240,"She takes a breath. And argues.",""
"chapter_4","Amelia",242,"Okay. Eysenck was wrong because — because biological determi",""
"chapter_4","Prof. Hawthorne",244,"Better. Not good. But better.",""
"chapter_4","Narrator",246,"His eyes are sharp. But there's warmth underneath — buried d",""
"chapter_4","Prof. Hawthorne",248,"The ability to argue against a position you hold is the begi",""
"chapter_4","Amelia",251,"Honestly? It's been harder than I expected.",""
"chapter_4","Narrator",253,"Simmons nods. No surprise. No judgement.",""
"chapter_4","Amelia",255,"I had a panic attack in the library. And I don't know if I'm",""
"chapter_4","Dr. Simmons",257,"Stop.",""
"chapter_4","Narrator",259,"She says it gently.",""
"chapter_4","Dr. Simmons",261,"You just told me more truth in thirty seconds than most stud",""
"chapter_4","Amelia",264,"Why did you bring me here at sunrise? Specifically?",""
"chapter_4","Maya",266,"Because you need to learn to be present before you can learn",""
"chapter_4","Amelia",268,"And wisdom is what we're after?",""
"chapter_4","Maya",270,"Wisdom is what we're always after. We just call it different",""
"chapter_4","Amelia",273,"What do you want to show me?",""
"chapter_4","Elena",275,"The land. Specifically, the parts of it that remember things",""
"chapter_4","Amelia",277,"That sounds like you're trying to recruit me into something.",""
"chapter_4","Elena",279,"I am.",""
"chapter_4","Narrator",281,"Beat.",""
"chapter_4","Elena",283,"But not what you're thinking.",""
"chapter_4","Amelia",290,"What if I can't? Argue the opposite?",""
"chapter_4","Prof. Hawthorne",292,"Then you don't understand the position you hold. Which means",""
"chapter_4","Narrator",294,"Harsh. But honest.",""
"chapter_4","Amelia",296,"Is that your teaching style? Terrify people into thinking?",""
"chapter_4","Prof. Hawthorne",298,"It's worked for thirty years.",""
"chapter_4","Amelia",301,"I'm fine. Really. I'm managing.",""
"chapter_4","Dr. Simmons",303,"Okay.",""
"chapter_4","Narrator",305,"She doesn't push. She just sits there, holding her tea, smil",""
"chapter_4","Narrator",307,"The silence stretches.",""
"chapter_4","Dr. Simmons",309,"...The offer's open. Not just today.",""
"chapter_4","Amelia",312,"I'm not really a sunrise person.",""
"chapter_4","Maya",314,"Nobody is, until they are.",""
"chapter_4","Narrator",316,"She doesn't elaborate. Just sits there, infuriatingly calm.",""
"chapter_4","Amelia",318,"How do you know I'm worth your time?",""
"chapter_4","Maya",320,"I don't. That's the fun part.",""
"chapter_4","Amelia",323,"I appreciate the offer. But I don't go to Cornwall with stra",""
"chapter_4","Elena",325,"Sensible.",""
"chapter_4","Narrator",327,"She reaches into her jacket and produces a university ID car",""
"chapter_4","Elena",329,"Less of a stranger now?",""
"chapter_4","Amelia",331,"Marginally.",""
"chapter_4","Elena",333,"That'll do.",""
"chapter_4","Narrator",352,"Cornwall unfolds as they cross the Tamar Bridge — the world ",""
"chapter_4","Narrator",354,"Bodmin Moor. The road narrows, then vanishes. They walk.",""
"chapter_4","Narrator",356,"The landscape is vast and stripped. No trees. Granite tors r",""
"chapter_4","Prof. Hawthorne",358,"Do you know what happened here?",""
"chapter_4","Amelia",360,"It's... beautiful?",""
"chapter_4","Prof. Hawthorne",362,"It's a graveyard.",""
"chapter_4","Prof. Hawthorne",366,"Tin mining. Three thousand years of it. Bronze Age to the tw",""
"chapter_4","Narrator",368,"He looks at the ruins the way he looks at essays — seeing wh",""
"chapter_4","Prof. Hawthorne",370,"Psychology without history is decoration, Miss James. If you",""
"chapter_4","Narrator",382,"Saturday. Simmons drives a small Fiat covered in bumper stic",""
"chapter_4","Narrator",386,"The Eden Project. Two enormous biome domes sitting in a form",""
"chapter_4","Narrator",388,"Inside: the tropics. Humid, warm, green beyond what the Engl",""
"chapter_4","Dr. Simmons",390,"Breathe it in.",""
"chapter_4","Narrator",392,"They walk through the rainforest biome. Giant leaves. Drippi",""
"chapter_4","Dr. Simmons",394,"You know what this place used to be? A clay pit. A scar in t",""
"chapter_4","Dr. Simmons",398,"And now look at it.",""
"chapter_4","Amelia",400,"It's incredible.",""
"chapter_4","Dr. Simmons",402,"Restoration isn't going back to what was. It's growing somet",""
"chapter_4","Narrator",414,"Saturday. Maya borrows a friend's car and drives like she li",""
"chapter_4","Maya",416,"Okay, so, Tintagel. Supposedly where Arthur was conceived. E",""
"chapter_4","Amelia",418,"You're making this up.",""
"chapter_4","Maya",420,"I am NOT making this up. Joseph Campbell wrote about this. T",""
"chapter_4","Amelia",422,"I'm not a mythic hero.",""
"chapter_4","Maya",424,"That's exactly what the mythic hero says in Act One.",""
"chapter_4","Narrator",426,"Tintagel is dramatic. Wind-blasted cliffs, spray from the se",""
"chapter_4","Narrator",428,"They cross the footbridge over the chasm. Below: the cave. M",""
"chapter_4","Maya",430,"You're standing where people have stood for five thousand ye",""
"chapter_4","Amelia",432,"What questions?",""
"chapter_4","Maya",434,"Who am I? Why am I here? What comes next?",""
"chapter_4","Narrator",448,"Past Truro. Past Penzance. Down a narrow lane. She parks.",""
"chapter_4","Elena",450,"Walk.",""
"chapter_4","Narrator",452,"They walk through woods. Muddy, narrow, the kind of path tha",""
"chapter_4","Narrator",454,"They arrive at the Madron Holy Well.",""
"chapter_4","Narrator",456,"Amelia's breath catches.",""
"chapter_4","Narrator",458,"A ruined stone baptistry, roofless, in a clearing in the woo",""
"chapter_4","Narrator",460,"The silence is total. Not empty — full. Full of something Am",""
"chapter_4","Elena",462,"People have been coming here for a thousand years. They tie ",""
"chapter_4","Amelia",464,"Does it work?",""
"chapter_4","Elena",466,"Define work.",""
"chapter_4","Narrator",468,"She kneels by the water. Touches it.",""
"chapter_4","Elena",470,"The water doesn't cure you. But the act of coming here — of ",""
"chapter_4","Narrator",472,"She looks up.",""
"chapter_4","Elena",474,"Same principle as therapy. Different technology.",""
"chapter_4","Narrator",484,"The land speaks. Something in Amelia responds.",""
"chapter_4","Narrator",499,"The wind pulls at her coat. The granite is grey and ancient.",""
"chapter_4","Narrator",501,"This is real. This isn't a textbook. These aren't statistics",""
"chapter_4","Narrator",503,"She doesn't say anything. Sometimes the best response to a p",""
"chapter_4","Prof. Hawthorne",505,"You felt that.",""
"chapter_4","Amelia",507,"Yeah.",""
"chapter_4","Prof. Hawthorne",509,"Good. Hold onto it. That's where the real work begins — not ",""
"chapter_4","Narrator",512,"The warmth of the biome. The impossible green of things grow",""
"chapter_4","Narrator",514,"She's right. This isn't restoration. This is... creation. So",""
"chapter_4","Narrator",516,"Amelia reaches out and touches a leaf — huge, waxy, tropical",""
"chapter_4","Amelia",518,"This is extraordinary.",""
"chapter_4","Dr. Simmons",520,"Isn't it? And it didn't happen by accident. Someone had to d",""
"chapter_4","Narrator",523,"The wind on the cliff. The sea below. The ruins against the ",""
"chapter_4","Narrator",525,"Maya's right. This is old. This is so much older than anythi",""
"chapter_4","Narrator",529,"For a moment, she is just a person standing on ancient groun",""
"chapter_4","Narrator",532,"The clooties flutter in the breeze. The water runs. The wood",""
"chapter_4","Narrator",534,"I've never been anywhere that felt like this. Not in a build",""
"chapter_4","Elena",538,"Teg.",""
"chapter_4","Amelia",540,"What?",""
"chapter_4","Elena",542,"Beautiful. The Cornish word. Teg.",""
"chapter_4","Amelia",549,"Three thousand years? How do we know?",""
"chapter_4","Prof. Hawthorne",551,"Carbon dating. Archaeological surveys. The written record be",""
"chapter_4","Narrator",553,"They talk for an hour. About mining, about exploitation, abo",""
"chapter_4","Amelia",556,"How long did the restoration take?",""
"chapter_4","Dr. Simmons",558,"The clay pit was abandoned in the '90s. The Eden Project ope",""
"chapter_4","Amelia",560,"Ten years.",""
"chapter_4","Dr. Simmons",562,"Healing isn't fast, Amelia. Anyone who tells you otherwise i",""
"chapter_4","Amelia",565,"When you say Arthur is a pattern — what kind of pattern?",""
"chapter_4","Maya",567,"The hero who withdraws to a sacred place, undergoes a trial,",""
"chapter_4","Amelia",569,"And you think university is... a Grail Quest?",""
"chapter_4","Maya",571,"I think everything is, for the person living it.",""
"chapter_4","Amelia",574,"How old is this place?",""
"chapter_4","Elena",576,"The well has been here since at least the medieval period. B",""
"chapter_4","Amelia",578,"And the clooties?",""
"chapter_4","Elena",580,"A practice so old nobody remembers when it started. Which is",""
"chapter_4","Narrator",586,"It's cold. My feet are wet. I don't know what I'm supposed t",""
"chapter_4","Narrator",588,"She looks at the ruins and feels... nothing. Or something, b",""
"chapter_4","Prof. Hawthorne",590,"Not everyone takes to the moor immediately. That's fine. It'",""
"chapter_4","Narrator",593,"It's beautiful, I suppose. But I've got an essay due and I s",""
"chapter_4","Dr. Simmons",595,"You're somewhere else, aren't you?",""
"chapter_4","Amelia",597,"Sorry. I just—",""
"chapter_4","Dr. Simmons",599,"It's okay. Being present is a skill. Skills take practice.",""
"chapter_4","Narrator",602,"I feel stupid standing on a cliff pretending to have revelat",""
"chapter_4","Maya",604,"You're resisting.",""
"chapter_4","Amelia",606,"I'm cold.",""
"chapter_4","Maya",608,"Same thing, sometimes.",""
"chapter_4","Narrator",611,"This is — objectively — a wet wood with rags in the trees an",""
"chapter_4","Elena",613,"You're not ready yet. That's fine.",""
"chapter_4","Amelia",615,"Ready for what?",""
"chapter_4","Elena",617,"To hear what the water says.",""
"chapter_4","Narrator",619,"I genuinely cannot tell if she's profound or mental.",""
"chapter_4","Narrator",635,"Two weeks later. Hawthorne's office. He's standing at the wi",""
"chapter_4","Prof. Hawthorne",637,"I've been given a student case file to review. Part of the w",""
"chapter_4","Narrator",639,"He places a folder on the desk.",""
"chapter_4","Prof. Hawthorne",641,"I'd like your analysis. Clinical only — behavioural patterns",""
"chapter_4","Narrator",643,"Amelia opens the folder. Reads.",""
"chapter_4","Narrator",647,"A tattoo of a wren on her inner wrist.",""
"chapter_4","Narrator",651,"This is Sarah.",""
"chapter_4","Narrator",653,"She looks at Hawthorne. He's watching her. He knows she know",""
"chapter_4","Narrator",656,"The file is in her hands. The answer matters.",""
"chapter_4","Amelia",663,"The profile is consistent with major depressive disorder, mo",""
"chapter_4","Narrator",665,"She says it calmly. Professionally.",""
"chapter_4","Narrator",667,"Hawthorne watches her face.",""
"chapter_4","Prof. Hawthorne",669,"And?",""
"chapter_4","Amelia",671,"And the fact that previous contact with counselling was in s",""
"chapter_4","Prof. Hawthorne",673,"Good. Anything else?",""
"chapter_4","Amelia",675,"No.",""
"chapter_4","Narrator",677,"She closes the file. Hands it back.",""
"chapter_4","Prof. Hawthorne",679,"Professional integrity is not always the same as personal in",""
"chapter_4","Amelia",686,"I know who this is.",""
"chapter_4","Narrator",688,"Hawthorne doesn't flinch.",""
"chapter_4","Prof. Hawthorne",690,"Do you.",""
"chapter_4","Amelia",692,"The wren tattoo. The rural background. It's... someone I kno",""
"chapter_4","Narrator",694,"She puts the file down.",""
"chapter_4","Amelia",696,"I'm not sure it's appropriate for me to analyse her. Because",""
"chapter_4","Narrator",698,"A long silence.",""
"chapter_4","Prof. Hawthorne",700,"That. Was the right answer.",""
"chapter_4","Narrator",702,"He takes the file back.",""
"chapter_4","Prof. Hawthorne",704,"I wanted to know if you could see the person behind the data",""
"chapter_4","Narrator",711,"She reads the file. Memorises the risk factors. Closes it.",""
"chapter_4","Amelia",713,"Thank you for showing me this.",""
"chapter_4","Prof. Hawthorne",715,"And?",""
"chapter_4","Amelia",717,"And I think I should go. If that's okay.",""
"chapter_4","Narrator",719,"She's already standing. Already thinking about Room 22, seco",""
"chapter_4","Prof. Hawthorne",721,"Miss James.",""
"chapter_4","Narrator",723,"She turns.",""
"chapter_4","Prof. Hawthorne",725,"What you're about to do is human, not clinical. Remember the",""
"chapter_4","Narrator",736,"They're walking through the psych building after a session. ",""
"chapter_4","Narrator",740,"There's a student sitting on the floor outside a seminar roo",""
"chapter_4","Narrator",742,"Simmons doesn't move. She stands very still and watches Amel",""
"chapter_4","Narrator",745,"A person is in pain. Right there, in the corridor.",""
"chapter_4","Narrator",752,"Amelia doesn't think. She goes.",""
"chapter_4","Narrator",754,"She crouches beside the student. Doesn't touch them. Just cr",""
"chapter_4","Amelia",756,"Hey. Are you okay?",""
"chapter_4","Narrator",758,"The student looks up. Red eyes, shaking hands.",""
"chapter_4","Narrator",760,"Amelia stays. She doesn't try to fix it. She just stays.",""
"chapter_4","Narrator",764,"Later, walking back:",""
"chapter_4","Dr. Simmons",766,"You went first. Without thinking.",""
"chapter_4","Amelia",768,"Was that the right thing to do?",""
"chapter_4","Dr. Simmons",770,"It was a right thing. Compassion doesn't need a plan. It nee",""
"chapter_4","Amelia",776,"I'll find someone — a lecturer, or the department—",""
"chapter_4","Dr. Simmons",778,"Wait.",""
"chapter_4","Narrator",780,"She puts a hand on Amelia's arm.",""
"chapter_4","Dr. Simmons",782,"Why not go yourself?",""
"chapter_4","Amelia",784,"Because I'm not... I'm not qualified. I don't know what to s",""
"chapter_4","Dr. Simmons",786,"Neither did I, the first time. The qualification isn't the d",""
"chapter_4","Narrator",788,"She pauses.",""
"chapter_4","Dr. Simmons",790,"But the instinct to get help? That's good too. Don't dismiss",""
"chapter_4","Narrator",795,"Amelia doesn't move.",""
"chapter_4","Narrator",797,"She sees the student. She wants to help. She doesn't know ho",""
"chapter_4","Narrator",799,"Her feet don't go anywhere.",""
"chapter_4","Narrator",801,"Simmons, after a long moment, goes to the student herself. W",""
"chapter_4","Narrator",803,"Afterwards:",""
"chapter_4","Dr. Simmons",805,"You froze.",""
"chapter_4","Amelia",807,"I'm sorry.",""
"chapter_4","Dr. Simmons",809,"Don't be sorry. Freezing is honest. It means you cared enoug",""
"chapter_4","Narrator",811,"She squeezes Amelia's hand.",""
"chapter_4","Dr. Simmons",813,"Next time, remember this: you don't have to be perfect. You ",""
"chapter_4","Narrator",824,"The second Cornwall trip. Just Amelia and Maya. The road to ",""
"chapter_4","Maya",828,"I want you to sit here for an hour.",""
"chapter_4","Amelia",830,"...Here.",""
"chapter_4","Maya",832,"Here. By the stones. No phone. No book. No talking. Just you",""
"chapter_4","Amelia",834,"What's going to show up?",""
"chapter_4","Maya",836,"That's the question.",""
"chapter_4","Narrator",838,"She smiles.",""
"chapter_4","Maya",840,"One hour. I'll be over there.",""
"chapter_4","Narrator",842,"She gestures to a rock fifty metres away and walks towards i",""
"chapter_4","Narrator",852,"She sits.",""
"chapter_4","Narrator",854,"Five minutes. Nothing happens. The wind. The heather. A lark",""
"chapter_4","Narrator",856,"Ten minutes. Her mind yells at her. The essay. Tasha. The st",""
"chapter_4","Narrator",858,"Fifteen minutes. The yelling starts to thin.",""
"chapter_4","Narrator",860,"Twenty minutes. Something else. The stones cast no shadow — ",""
"chapter_4","Narrator",862,"Thirty minutes. She notices the lichen on the uprights — ora",""
"chapter_4","Narrator",864,"Forty minutes. A thought arrives: I am not the first person ",""
"chapter_4","Narrator",866,"Fifty minutes. She cries, briefly. She doesn't know why. It ",""
"chapter_4","Narrator",868,"One hour. Maya returns.",""
"chapter_4","Maya",870,"What did you see?",""
"chapter_4","Amelia",872,"I saw... patience. The stones are patient. They've been here",""
"chapter_4","Narrator",874,"Maya's face does something Amelia hasn't seen before. It sof",""
"chapter_4","Maya",876,"That's the most beautiful thing.",""
"chapter_4","Narrator",882,"She tries. She really tries.",""
"chapter_4","Narrator",884,"For the first twenty minutes, she's present. The wind. The s",""
"chapter_4","Narrator",886,"At minute twenty-five, her mind wins. Essay. Statistics. Tas",""
"chapter_4","Narrator",888,"She stands up. Walks to Maya.",""
"chapter_4","Amelia",890,"I'm sorry. I tried.",""
"chapter_4","Maya",892,"How long?",""
"chapter_4","Amelia",894,"Maybe half an hour.",""
"chapter_4","Maya",896,"That's good.",""
"chapter_4","Amelia",898,"It doesn't feel good.",""
"chapter_4","Maya",900,"Discomfort is information. It tells you where the edge is. N",""
"chapter_4","Narrator",906,"Ten minutes.",""
"chapter_4","Narrator",908,"The wind. The cold. The absurdity of sitting in a field star",""
"chapter_4","Narrator",910,"She stands up. Walks back.",""
"chapter_4","Amelia",912,"Maya, I'm sorry. This isn't—",""
"chapter_4","Maya",914,"It's okay.",""
"chapter_4","Narrator",916,"But something in Maya's face closes. Just slightly.",""
"chapter_4","Maya",918,"Not everyone is ready for this. And that's — genuinely — oka",""
"chapter_4","Narrator",920,"It doesn't feel okay. It feels like she's disappointed someo",""
"chapter_4","Narrator",931,"The Merry Maidens. A stone circle near Penzance. Nineteen st",""
"chapter_4","Narrator",933,"Elena brings her at dusk. The sky is doing extraordinary thi",""
"chapter_4","Elena",937,"Sit.",""
"chapter_4","Narrator",939,"They sit on the grass inside the circle.",""
"chapter_4","Elena",941,"I'm going to tell you a story. A droll — that's what we call",""
"chapter_4","Narrator",943,"She takes a breath. And something about her changes — her vo",""
"chapter_4","Elena",945,"There was a girl who lived at the edge of the world. She'd g",""
"chapter_4","Elena",947,"In the city she found teachers — a clever one, a kind one, a",""
"chapter_4","Elena",949,"She tried to save the drowning girl. She tried so hard she f",""
"chapter_4","Elena",951,"A year passed. She learned what the teachers taught. But the",""
"chapter_4","Elena",953,"So she walked back to the edge. And standing at the boundary",""
"chapter_4","Narrator",955,"Silence. The stones stand. The wind moves through the grass.",""
"chapter_4","Elena",957,"Now. What did the story tell you that I didn't?",""
"chapter_4","Narrator",960,"The droll settles in the twilight air. Elena waits.",""
"chapter_4","Amelia",967,"The girl is me.",""
"chapter_4","Narrator",969,"Elena says nothing.",""
"chapter_4","Amelia",971,"The house by the sea is London — well, it's Bromley, but — t",""
"chapter_4","Amelia",975,"The drowning girl is Sarah.",""
"chapter_4","Narrator",977,"Her voice shakes slightly.",""
"chapter_4","Amelia",979,"And the answer — the going-out and coming-back — that's the ",""
"chapter_4","Elena",981,"Lowen.",""
"chapter_4","Amelia",983,"What?",""
"chapter_4","Elena",985,"Happy. That's the Cornish word. I'm happy.",""
"chapter_4","Amelia",993,"It's a hero's journey. Campbell's monomyth — departure, init",""
"chapter_4","Elena",995,"I didn't ask for analysis. I asked what it told you.",""
"chapter_4","Narrator",997,"Amelia pauses.",""
"chapter_4","Amelia",999,"I'm not sure.",""
"chapter_4","Elena",1001,"That's closer to the truth.",""
"chapter_4","Narrator",1003,"She stands. Brushes the grass from her coat.",""
"chapter_4","Elena",1005,"Knowing the structure isn't the same as knowing the story. Y",""
"chapter_4","Amelia",1011,"I don't understand.",""
"chapter_4","Narrator",1013,"Elena looks at her. Not disappointed. Something else.",""
"chapter_4","Elena",1015,"Good.",""
"chapter_4","Amelia",1017,"How is not understanding good?",""
"chapter_4","Elena",1019,"Because confusion is the beginning. Certainty is where peopl",""
"chapter_4","Narrator",1021,"She stands.",""
"chapter_4","Elena",1023,"The story will keep working on you. Drolls do that — they do",""
"chapter_4","Narrator",1033,"Sunday evening. Back on campus. The Cornwall trip is over bu",""
"chapter_4","Narrator",1035,"She picks up her phone.",""
"chapter_4","Narrator",1038,"Who does she reach out to?",""
"chapter_4","Narrator",1045,"hey. haven't seen you in lectures. you okay? x",""
"chapter_4","Narrator",1047,"She stares at the phone. A minute passes. Two.",""
"chapter_4","Narrator",1049,"Read receipts on. No reply.",""
"chapter_4","Narrator",1051,"Five minutes.",""
"chapter_4","Narrator",1053,"Then:",""
"chapter_4","Narrator",1055,"sarah: yeah sorry just been a bit tired. thanks for checking",""
"chapter_4","Narrator",1057,"'A bit tired.' That's what people say when they don't want y",""
"chapter_4","Narrator",1059,"She types:",""
"chapter_4","Narrator",1061,"no worries. kitchen tomorrow? raj is making something. you d",""
"chapter_4","Narrator",1063,"A long pause.",""
"chapter_4","Narrator",1065,"sarah: maybe. i'll try x",""
"chapter_4","Narrator",1067,"'I'll try.' That's more honest than 'yes.' At least it's hon",""
"chapter_4","Narrator",1074,"She calls Ella.",""
"chapter_4","Ella",1076,"Hellooooo!",""
"chapter_4","Amelia",1078,"I went to Cornwall.",""
"chapter_4","Ella",1080,"You went to CORNWALL? Without me? Rude. How was it?",""
"chapter_4","Amelia",1083,"I met a woman who wrote a note in a book I bought in Bromley",""
"chapter_4","Ella",1085,"...Amelia.",""
"chapter_4","Amelia",1087,"I know how it sounds.",""
"chapter_4","Ella",1089,"It sounds like you've joined a cult.",""
"chapter_4","Amelia",1091,"It's not a cult!",""
"chapter_4","Ella",1093,"That's EXACTLY what people in cults say!",""
"chapter_4","Amelia",1096,"My mentor took me. It was — I can't really explain it. The l",""
"chapter_4","Ella",1098,"That's either deep or you hit your head on a rock. Either wa",""
"chapter_4","Narrator",1100,"They talk for an hour. About Cornwall, about Ella's job, abo",""
"chapter_4","Ella",1102,"I miss you, you weirdo.",""
"chapter_4","Amelia",1104,"I miss you too.",""
"chapter_4","Narrator",1111,"She knocks on Lucas's door. It opens. He's at his desk, head",""
"chapter_4","Lucas",1113,"Hey.",""
"chapter_4","Amelia",1115,"Can I talk to you about something?",""
"chapter_4","Narrator",1117,"He closes the book. Gives her his full attention. He's good ",""
"chapter_4","Amelia",1120,"Maya took me to Tintagel. We talked about archetypes — the H",""
"chapter_4","Lucas",1122,"How was the silence?",""
"chapter_4","Amelia",1124,"Unbearable. And then not.",""
"chapter_4","Lucas",1126,"That's the whole of Jung's project in one sentence.",""
"chapter_4","Amelia",1129,"I met someone. A woman called Elena. She told me a Cornish f",""
"chapter_4","Lucas",1131,"...Go on.",""
"chapter_4","Amelia",1133,"She knew about a book I bought in London. She knew about me ",""
"chapter_4","Narrator",1135,"Lucas is very still.",""
"chapter_4","Lucas",1137,"That's exactly what Jung says.",""
"chapter_4","Amelia",1140,"My mentor took me to Cornwall. And something happened. I can",""
"chapter_4","Lucas",1142,"Land does that. Places carry memory. That's not mysticism — ",""
"chapter_4","Amelia",1144,"Lucas.",""
"chapter_4","Lucas",1146,"Sorry. Continue.",""
"chapter_4","Narrator",1148,"They talk until midnight. Tea turns cold. The conversation i",""
"chapter_4","Centered",1158,"End of Chapter Four",""
"chapter_5","Centered",27,"Chapter Five\n\nCrossing the Threshold",""
"chapter_5","Narrator",40,"November. The clocks have gone back. The mornings are dark a",""
"chapter_5","Narrator",42,"But something has changed.",""
"chapter_5","Narrator",44,"Amelia has a routine now. She didn't plan it — it assembled ",""
"chapter_5","Narrator",47,"Tuesday: study group in the library. Lucas always early. Sop",""
"chapter_5","Narrator",48,"Wednesday: Simmons' seminar, which is less a seminar and mor",""
"chapter_5","Narrator",49,"Thursday: free. She spends it in the library or walking the ",""
"chapter_5","Narrator",50,"Friday: statistics lab. The one module that makes her want t",""
"chapter_5","Narrator",52,"She reads. She takes notes. She writes essays that are getti",""
"chapter_5","Narrator",55,"Hawthorne's feedback is still brutal, but she's beginning to",""
"chapter_5","Narrator",58,"Simmons checks in weekly. Not about essays — about Amelia. '",""
"chapter_5","Narrator",64,"Elena texts occasionally. Brief, strange, precise. 'Look at ",""
"chapter_5","Narrator",66,"I am becoming a student. Not the pretending kind — the real ",""
"chapter_5","Narrator",80,"One morning, the campus is covered in flyers. Printed in bla",""
"chapter_5","Narrator",82,"THEY CUT OUR COUNSELLING.",""
"chapter_5","Narrator",83,"4 COUNSELLORS FOR 27,000 STUDENTS.",""
"chapter_5","Narrator",84,"THE WAIT LIST IS 14 WEEKS.",""
"chapter_5","Narrator",85,"WHAT ARE THEY WAITING FOR?",""
"chapter_5","Narrator",87,"A student union meeting. Standing room only. And at the fron",""
"chapter_5","Narrator",89,"Michael Osei.",""
"chapter_5","Narrator",91,"He's not tall. He's not physically imposing. But when he spe",""
"chapter_5","Michael",93,"Fourteen weeks. That's what they told my friend when she ask",""
"chapter_5","Narrator",95,"His voice doesn't shake. It cuts.",""
"chapter_5","Michael",97,"This university spent two point four million pounds on a new",""
"chapter_5","Narrator",99,"Murmurs. Agreement.",""
"chapter_5","Michael",101,"So we're going to stand outside the vice-chancellor's office",""
"chapter_5","Narrator",103,"Silence. Then applause.",""
"chapter_5","Narrator",107,"Zara is beside Amelia.",""
"chapter_5","Zara",109,"He's good. He's really good.",""
"chapter_5","Amelia",111,"Yeah.",""
"chapter_5","Zara",113,"The question is — are we going?",""
"chapter_5","Narrator",120,"Tomorrow. Noon. The vice-chancellor's office.",""
"chapter_5","Narrator",127,"She's there.",""
"chapter_5","Narrator",129,"Noon. A crowd of maybe sixty students outside the admin buil",""
"chapter_5","Narrator",131,"Amelia holds a sign that says THE WAIT IS THE CRISIS. She di",""
"chapter_5","Narrator",133,"A security guard watches from the doors. A photographer from",""
"chapter_5","Michael",135,"Thank you for being here.",""
"chapter_5","Narrator",137,"He says it to everyone. But he's looking at Amelia when he s",""
"chapter_5","Narrator",139,"An administrator appears after forty minutes. Promises a 're",""
"chapter_5","Michael",141,"That's step one. Step one is always just showing up.",""
"chapter_5","Narrator",147,"She goes. But she stands at the edge.",""
"chapter_5","Narrator",149,"She watches Michael speak. Watches the crowd respond. Watche",""
"chapter_5","Narrator",151,"She takes notes on her phone. Not because anyone asked her t",""
"chapter_5","Narrator",153,"That evening, she writes something. Not an essay. Not a blog",""
"chapter_5","Narrator",155,"Sometimes the best thing you can do is witness. Sometimes th",""
"chapter_5","Narrator",161,"She doesn't go.",""
"chapter_5","Narrator",163,"She tells herself it's because she has a deadline. She tells",""
"chapter_5","Narrator",165,"She studies in the library instead. Productive. Focused. Fin",""
"chapter_5","Narrator",167,"At dinner, Michael's name comes up.",""
"chapter_5","Liz",169,"You missed it. It was brilliant.",""
"chapter_5","Amelia",171,"I had an essay—",""
"chapter_5","Liz",173,"Amelia, everyone has an essay. That's not a reason.",""
"chapter_5","Narrator",175,"The comment stings. Not because Liz is wrong.",""
"chapter_5","Narrator",185,"The email arrives at 8:04am. Group assignments for the devel",""
"chapter_5","Narrator",187,"Group 7: James, A. | Kowalski, S. | Others.",""
"chapter_5","Narrator",189,"Of course.",""
"chapter_5","Narrator",191,"They meet in the library. Sophia arrives precisely on time —",""
"chapter_5","Sophia",193,"Right. I've done a preliminary review of the literature. Her",""
"chapter_5","Narrator",195,"She slides a printed sheet across the table. Twenty-three so",""
"chapter_5","Sophia",197,"I've also outlined a possible structure for the report. Obvi",""
"chapter_5","Narrator",199,"It is not, from the tone of her voice, obviously open to cha",""
"chapter_5","Narrator",201,"The other group members exchange the look of people who reco",""
"chapter_5","Narrator",208,"Sophia has laid out the battlefield. What does Amelia do?",""
"chapter_5","Amelia",215,"Good list. But you've missed Bowlby's 1956 revision — the on",""
"chapter_5","Sophia",219,"...Where did you read that?",""
"chapter_5","Amelia",221,"Hawthorne's recommended reading. The extended list.",""
"chapter_5","Sophia",225,"Fine. Add it. And read Rutter's counter-study while you're a",""
"chapter_5","Narrator",227,"They work for three hours. It's exhausting and exhilarating.",""
"chapter_5","Narrator",229,"I don't like her. But I respect her. And I think she might —",""
"chapter_5","Amelia",236,"This is great, Sophia. Really thorough. Can we divide it up ",""
"chapter_5","Narrator",238,"Sophia looks at her. Evaluating.",""
"chapter_5","Sophia",240,"What are your strengths?",""
"chapter_5","Amelia",242,"I'm good at synthesis — pulling different arguments together",""
"chapter_5","Narrator",244,"A beat.",""
"chapter_5","Sophia",246,"...That's actually sensible.",""
"chapter_5","Narrator",250,"At the end of the session:",""
"chapter_5","Sophia",252,"You're better at this than I expected.",""
"chapter_5","Amelia",254,"Thank you. I think.",""
"chapter_5","Sophia",256,"It was a compliment. Mostly.",""
"chapter_5","Amelia",262,"Looks great. Just tell me what you need me to do.",""
"chapter_5","Narrator",264,"Sophia's expression flattens.",""
"chapter_5","Sophia",266,"I need you to do your share. Not your minimum. Your share.",""
"chapter_5","Narrator",268,"Amelia takes her section. Does it competently. On time.",""
"chapter_5","Narrator",272,"I didn't lose anything. So why does it feel like I did?",""
"chapter_5","Narrator",284,"Wednesday evening. The kitchen.",""
"chapter_5","Narrator",286,"Raj is cooking. Daal. The flat smells extraordinary — cumin,",""
"chapter_5","Narrator",288,"His phone rings. He glances at it. His face changes.",""
"chapter_5","Raj",290,"Sorry — one sec.",""
"chapter_5","Narrator",292,"He steps into the corridor. Through the door, Amelia can hea",""
"chapter_5","Narrator",294,"The tone is careful. Controlled. The voice of someone who is",""
"chapter_5","Narrator",296,"Minutes pass. The daal needs stirring. Lucas does it.",""
"chapter_5","Narrator",298,"Raj comes back. Sits down. Smiles.",""
"chapter_5","Raj",300,"Family, innit.",""
"chapter_5","Narrator",302,"The smile doesn't reach his eyes.",""
"chapter_5","Narrator",309,"The smile is a door. Amelia can knock or walk past.",""
"chapter_5","Narrator",316,"The kitchen goes quiet. Lucas looks at his daal. Liz suddenl",""
"chapter_5","Narrator",318,"Raj's smile doesn't move. But his eyes do something — a flic",""
"chapter_5","Raj",320,"My mum thinks I should switch to medicine.",""
"chapter_5","Amelia",322,"...Oh.",""
"chapter_5","Raj",324,"Yeah. She's — she's not wrong, exactly. Medicine is stable. ",""
"chapter_5","Narrator",326,"He stirs the daal. Not because it needs stirring.",""
"chapter_5","Raj",328,"And I'm here doing psychology. Which she calls 'the talking ",""
"chapter_5","Amelia",330,"But you love this.",""
"chapter_5","Raj",332,"Yeah.",""
"chapter_5","Amelia",334,"So what do you do?",""
"chapter_5","Raj",336,"I don't know. I love her and I love this and those two thing",""
"chapter_5","Narrator",338,"He smiles. A real one, this time — tired, but real.",""
"chapter_5","Raj",340,"Thanks for asking, though. Most people don't.",""
"chapter_5","Amelia",347,"This daal is incredible, Raj. Seriously.",""
"chapter_5","Narrator",349,"He looks at her. Grateful.",""
"chapter_5","Raj",351,"Secret's in the tempering. You've got to let the cumin seeds",""
"chapter_5","Narrator",353,"The conversation moves on. The tension drains, slowly, like ",""
"chapter_5","Narrator",355,"He doesn't bring it up again. But later, as she's leaving th",""
"chapter_5","Raj",357,"Thanks.",""
"chapter_5","Amelia",359,"For what?",""
"chapter_5","Raj",361,"For not making me talk about it.",""
"chapter_5","Narrator",366,"The daal is good. The conversation moves on. Lucas tells a s",""
"chapter_5","Narrator",368,"Everyone laughs.",""
"chapter_5","Narrator",370,"Raj laughs too. But his phone stays face-down on the table f",""
"chapter_5","Narrator",380,"It comes from nowhere.",""
"chapter_5","Amelia",394,"Liz? What's—",""
"chapter_5","Liz",396,"My nan's in hospital. She had a fall. I need to go home.",""
"chapter_5","Narrator",398,"Her voice is flat. The way voices get when the feelings are ",""
"chapter_5","Liz",400,"I can't miss the seminar though. It's assessed. If I miss it",""
"chapter_5","Amelia",402,"Liz.",""
"chapter_5","Liz",404,"I know. I know. But—",""
"chapter_5","Narrator",413,"Zara is in the kitchen, staring at her phone.",""
"chapter_5","Narrator",415,"She doesn't look up when Amelia comes in. That's unusual — Z",""
"chapter_5","Amelia",417,"Hey. You okay?",""
"chapter_5","Zara",419,"Tasha's posted something.",""
"chapter_5","Zara",423,"Forty-seven likes.",""
"chapter_5","Narrator",425,"Her voice is steady. Too steady.",""
"chapter_5","Zara",427,"Forty-seven people thought that was funny.",""
"chapter_5","Narrator",434,"Lucas isn't at the study group. He's never not at the study ",""
"chapter_5","Narrator",436,"Amelia knocks on his door. No answer. She texts.",""
"chapter_5","Narrator",438,"An hour later:",""
"chapter_5","Narrator",440,"lucas: sorry. bad day. don't worry about it.",""
"chapter_5","Narrator",442,"She goes to his door anyway. It opens. He's sitting on his b",""
"chapter_5","Amelia",444,"Lucas.",""
"chapter_5","Narrator",446,"He pulls off the headphones. His face looks different — raw.",""
"chapter_5","Lucas",448,"My dad called.",""
"chapter_5","Narrator",450,"He doesn't say anything else for a long time.",""
"chapter_5","Narrator",457,"Someone needs help. Right now.",""
"chapter_5","Amelia",466,"Go. I'll email the seminar lead and explain. I'll send you m",""
"chapter_5","Liz",468,"You can't just—",""
"chapter_5","Amelia",470,"I can, actually. Go see your nan. The seminar will survive.",""
"chapter_5","Amelia",478,"Let me see.",""
"chapter_5","Narrator",480,"She takes Zara's phone. Reports the post. Screenshots it fir",""
"chapter_5","Amelia",482,"We're going to the student union tomorrow. This is documente",""
"chapter_5","Zara",484,"...Yeah. Actually, yeah.",""
"chapter_5","Narrator",486,"They watch three episodes of a cooking competition and don't",""
"chapter_5","Narrator",492,"She sits on the edge of his bed. She doesn't speak.",""
"chapter_5","Narrator",494,"Twenty minutes. He talks, eventually. About his father, who ",""
"chapter_5","Narrator",496,"She listens.",""
"chapter_5","Lucas",498,"Sorry. That was a lot.",""
"chapter_5","Amelia",500,"Don't apologise. I asked.",""
"chapter_5","Lucas",502,"You didn't, actually. You just showed up.",""
"chapter_5","Amelia",504,"Same thing.",""
"chapter_5","Amelia",510,"That's awful. Let me know if you need anything, yeah? I'll s",""
"chapter_5","Liz",512,"Thanks.",""
"chapter_5","Narrator",514,"Amelia means it. She does send the notes. But she sends them",""
"chapter_5","Amelia",517,"That's disgusting. You should report it.",""
"chapter_5","Zara",519,"Yeah. Maybe.",""
"chapter_5","Narrator",521,"She says it the way people say 'yeah, maybe' when they know ",""
"chapter_5","Amelia",524,"I'll come back later, yeah? When you're ready to talk.",""
"chapter_5","Lucas",526,"Sure.",""
"chapter_5","Narrator",528,"She comes back after dinner. He's fine by then — or he's per",""
"chapter_5","Narrator",540,"December. A Saturday that's somehow not raining. The group g",""
"chapter_5","Narrator",542,"Not a mentor trip — a friend trip. Raj's idea. He books a mi",""
"chapter_5","Narrator",544,"Liz brings coats for everyone who forgot theirs, which is mo",""
"chapter_5","Narrator",546,"The coastline near Newquay. Wind-sculpted cliffs, sea the co",""
"chapter_5","Narrator",548,"They walk. They talk. They laugh at things that aren't funny",""
"chapter_5","Narrator",550,"Raj takes photos of everything — the sea, the cliffs, Liz pr",""
"chapter_5","Narrator",552,"Sarah comes.",""
"chapter_5","Narrator",554,"She's quiet. She walks at the back. But she came. She's here",""
"chapter_5","Narrator",556,"Amelia falls into step beside her.",""
"chapter_5","Amelia",558,"You okay?",""
"chapter_5","Sarah",560,"Yeah. It's nice out here.",""
"chapter_5","Narrator",562,"A pause.",""
"chapter_5","Sarah",564,"Thanks for making me come.",""
"chapter_5","Amelia",566,"I didn't make you.",""
"chapter_5","Sarah",568,"You texted three times. That's basically making me.",""
"chapter_5","Narrator",570,"A smile. Brief. Like a match struck in a dark room.",""
"chapter_5","Narrator",580,"The coast stretches ahead. The group spreads out. Amelia can",""
"chapter_5","Narrator",586,"She stays.",""
"chapter_5","Narrator",588,"They find a beach. Raj tries to skim stones and fails specta",""
"chapter_5","Maya",590,"It's all in the wrist.",""
"chapter_5","Raj",592,"It is NOT all in the wrist.",""
"chapter_5","Narrator",596,"Amelia takes a photo of all of them. She doesn't post it. Sh",""
"chapter_5","Narrator",598,"This. This is the thing I didn't know I came here for.",""
"chapter_5","Narrator",606,"She sits on a rock and watches the waves. The rhythm is hypn",""
"chapter_5","Narrator",608,"I'm different now. I don't know when it happened. Somewhere ",""
"chapter_5","Narrator",610,"She picks up a stone. Smooth. Grey. She puts it in her pocke",""
"chapter_5","Narrator",612,"Later, the group calls her back. Tea from a flask. Warmth.",""
"chapter_5","Narrator",618,"The group turns a corner. And there, set back from the path,",""
"chapter_5","Narrator",620,"Not a famous one. No sign. No plaque. Just a single upright ",""
"chapter_5","Maya",624,"That's a menhir. Prehistoric. Nobody knows what they're for ",""
"chapter_5","Elena",627,"The Cornish word is men hir. Long stone. The language is hon",""
"chapter_5","Narrator",629,"Amelia touches it. The granite is rough and cold and impossi",""
"chapter_5","Narrator",631,"People put this here. They had a reason. The reason is lost.",""
"chapter_5","Narrator",633,"She takes a photo. Then puts her phone away. Some things don",""
"chapter_5","Narrator",645,"The following week. The bookshop on the Barbican.",""
"chapter_5","Narrator",647,"Amelia isn't looking for anything specific — she's browsing ",""
"chapter_5","Narrator",651,"The St. Michael Line: Ley Energy and the Cornish Landscape. ",""
"chapter_5","Narrator",653,"She opens it.",""
"chapter_5","Narrator",655,"The first chapter is about the alignment of sacred sites fro",""
"chapter_5","Narrator",657,"It sounds mad.",""
"chapter_5","Narrator",659,"It also sounds familiar.",""
"chapter_5","Narrator",666,"The book is in her hands. Seven pounds fifty.",""
"chapter_5","Narrator",672,"She buys it.",""
"chapter_5","Narrator",674,"That night, in her room, she reads it cover to cover. The ar",""
"chapter_5","Narrator",676,"But the maps. The maps are extraordinary. Sites she's visite",""
"chapter_5","Narrator",679,"She texts Elena.",""
"chapter_5","Narrator",681,"amelia: i found the ley line book. is this real?",""
"chapter_5","Narrator",683,"The reply comes at 1am.",""
"chapter_5","Narrator",685,"elena: define real. then come back to me.",""
"chapter_5","Narrator",688,"Either ancient people really did align their sacred sites al",""
"chapter_5","Narrator",690,"Both options are terrifying. Both are beautiful.",""
"chapter_5","Narrator",695,"She photographs the title and the author. Puts the book back",""
"chapter_5","Narrator",697,"Maybe later. There's a statistics deadline that won't meet i",""
"chapter_5","Narrator",712,"Late November. She's in her room. It's raining — it's always",""
"chapter_5","Narrator",714,"Her desk is covered in notes. Her bookshelf is full. The wal",""
"chapter_5","Narrator",716,"She picks up her phone. Opens the group chat.",""
"chapter_5","Narrator",718,"raj: who's cooking tomorrow? i vote not me for once",""
"chapter_5","Narrator",719,"liz: IMPOSSIBLE. the kitchen hasn't known another chef",""
"chapter_5","Narrator",720,"lucas: i can make toast",""
"chapter_5","Narrator",721,"maya: i'll bring fairy lights. that counts as a contribution",""
"chapter_5","Narrator",722,"raj: it really doesn't",""
"chapter_5","Narrator",723,"maya: it absolutely does",""
"chapter_5","Narrator",725,"She smiles.",""
"chapter_5","Narrator",727,"I crossed something. I don't know when. But I'm on the other",""
"chapter_5","Narrator",729,"The threshold wasn't a door. It wasn't a moment. It was all ",""
"chapter_5","Narrator",731,"She is becoming.",""
"chapter_5","Narrator",733,"Not finished. Not whole. But becoming.",""
"chapter_5","Centered",743,"End of Chapter Five",""
"chapter_6","Centered",27,"Chapter Six\n\nTests, Allies, and Enemies",""
"chapter_6","Narrator",40,"It starts slowly, the way fires do.",""
"chapter_6","Narrator",44,"Forty-seven likes.",""
"chapter_6","Narrator",46,"Week nine. Graffiti in the bathroom on the second floor. A n",""
"chapter_6","Narrator",50,"Zara reads the complaint. Her hands shake.",""
"chapter_6","Zara",52,"This is — this is made up. I never — I've never been aggress",""
"chapter_6","Narrator",54,"Amelia reads it too. The language is careful, legalistic, th",""
"chapter_6","Narrator",56,"This is Tasha.",""
"chapter_6","Narrator",58,"Everyone knows it's Tasha. Nobody can prove it.",""
"chapter_6","Narrator",60,"Zara is not okay.",""
"chapter_6","Zara",62,"I came here to learn, Amelia. That's it. I came here to stud",""
"chapter_6","Narrator",64,"She looks at Amelia.",""
"chapter_6","Zara",66,"What do I do?",""
"chapter_6","Narrator",73,"Zara's question hangs in the air. There are no safe answers.",""
"chapter_6","Amelia",83,"Can I talk to you? Alone.",""
"chapter_6","Narrator",85,"Tasha looks at her. A calculation, rapid and precise.",""
"chapter_6","Tasha",87,"Sure.",""
"chapter_6","Narrator",89,"They walk outside. December air. Their breath making ghosts.",""
"chapter_6","Amelia",91,"I know it's you. The photo. The graffiti. The complaint.",""
"chapter_6","Tasha",93,"I don't know what you're talking about.",""
"chapter_6","Amelia",95,"Tasha. You know exactly what I'm talking about.",""
"chapter_6","Narrator",97,"Silence.",""
"chapter_6","Amelia",99,"Zara has done nothing to you. Nothing. And you're destroying",""
"chapter_6","Narrator",101,"Something flickers across Tasha's face. Not remorse — someth",""
"chapter_6","Tasha",103,"Stay out of it, Amelia.",""
"chapter_6","Amelia",105,"No.",""
"chapter_6","Narrator",107,"Tasha stares at her. Then walks away.",""
"chapter_6","Narrator",111,"That's fine.",""
"chapter_6","Narrator",113,"What Amelia doesn't see: Tasha, in her room that night, star",""
"chapter_6","Narrator",120,"Amelia goes to the student welfare office. She brings screen",""
"chapter_6","Narrator",122,"The administrator is sympathetic. The process is slow.",""
"chapter_6","Narrator",124,"A formal investigation is opened. Three weeks later, Tasha r",""
"chapter_6","Narrator",126,"Zara is relieved.",""
"chapter_6","Zara",128,"Thank you. For believing me.",""
"chapter_6","Amelia",130,"Of course I believed you.",""
"chapter_6","Narrator",132,"But the process left bruises. Three weeks of formal language",""
"chapter_6","Narrator",134,"I did the right thing. I think I did the right thing. But it",""
"chapter_6","Amelia",141,"I'm with you. Whatever you need.",""
"chapter_6","Narrator",143,"They spend the evening together. Amelia makes tea. Zara talk",""
"chapter_6","Narrator",145,"Amelia walks her to the welfare office the next morning. Sit",""
"chapter_6","Narrator",147,"But she doesn't confront Tasha. She doesn't report it hersel",""
"chapter_6","Narrator",149,"The complaint drags on. Zara fights it alone, administrative",""
"chapter_6","Narrator",151,"She wins. But it costs her.",""
"chapter_6","Narrator",153,"Later:",""
"chapter_6","Zara",155,"You were there for me. That mattered.",""
"chapter_6","Narrator",157,"A pause.",""
"chapter_6","Zara",159,"But I wish someone had stood up. In public. Where it counts.",""
"chapter_6","Narrator",165,"It's not my fight. I've got my own problems. Zara's strong —",""
"chapter_6","Narrator",167,"She tells herself this.",""
"chapter_6","Narrator",171,"Raj corners Amelia one evening.",""
"chapter_6","Raj",173,"She needed you. You know that, right?",""
"chapter_6","Narrator",175,"Amelia looks away.",""
"chapter_6","Narrator",187,"It's Raj who says it.",""
"chapter_6","Raj",189,"Has anyone seen Sarah?",""
"chapter_6","Narrator",191,"The kitchen goes quiet.",""
"chapter_6","Liz",193,"She was at the lecture on Monday. Wait — no. Tuesday? I'm no",""
"chapter_6","Lucas",195,"I texted her yesterday. She said she was fine.",""
"chapter_6","Raj",197,"She always says she's fine.",""
"chapter_6","Narrator",199,"A pause.",""
"chapter_6","Raj",201,"When was the last time anyone saw her outside her room?",""
"chapter_6","Narrator",203,"Nobody answers. The silence has a shape — the shape of somet",""
"chapter_6","Narrator",210,"Sarah. Room 22. Second floor. The door that's always closed.",""
"chapter_6","Narrator",224,"Knock. Knock. Knock.",""
"chapter_6","Amelia",226,"Sarah? It's Amelia. I'm not going away.",""
"chapter_6","Narrator",228,"Silence.",""
"chapter_6","Narrator",230,"She waits. Thirty seconds. A minute.",""
"chapter_6","Amelia",232,"I don't need you to open the door. I just need you to know I",""
"chapter_6","Narrator",234,"Another minute.",""
"chapter_6","Narrator",236,"The lock turns.",""
"chapter_6","Narrator",238,"The door opens.",""
"chapter_6","Narrator",240,"What's inside:",""
"chapter_6","Narrator",242,"Curtains closed. Dishes on the desk — unwashed, days old. An",""
"chapter_6","Narrator",244,"And Sarah. On the bed. In yesterday's clothes. Or the day be",""
"chapter_6","Narrator",246,"She looks at Amelia. Her eyes are red but dry — the kind of ",""
"chapter_6","Narrator",248,"Amelia doesn't react to the room. She doesn't adjust her exp",""
"chapter_6","Amelia",250,"Can I sit down?",""
"chapter_6","Narrator",252,"Sarah nods.",""
"chapter_6","Narrator",254,"Amelia sits on the edge of the bed. She doesn't touch her. D",""
"chapter_6","Narrator",256,"She sits.",""
"chapter_6","Narrator",258,"Forty-five minutes. They barely speak.",""
"chapter_6","Narrator",260,"Then:",""
"chapter_6","Sarah",262,"I think I need help.",""
"chapter_6","Amelia",264,"Okay. Let's figure that out.",""
"chapter_6","Narrator",266,"The words are quiet. But they mean everything.",""
"chapter_6","Narrator",273,"hey sarah. not seen you in a while. i'm here if you need me.",""
"chapter_6","Narrator",275,"The reply comes four hours later.",""
"chapter_6","Narrator",277,"sarah: thanks. just having a rough patch. i'll be okay x",""
"chapter_6","Narrator",279,"'I'll be okay.' The future tense. Not 'I'm okay' — 'I'll be ",""
"chapter_6","Narrator",281,"Amelia stares at the message.",""
"chapter_6","Narrator",283,"Is that enough? Is a text enough?",""
"chapter_6","Narrator",285,"She sends one more:",""
"chapter_6","Narrator",287,"kitchen tomorrow? raj is doing pasta. you don't have to stay",""
"chapter_6","Narrator",289,"No reply.",""
"chapter_6","Narrator",296,"The counselling office. A poster on the wall: It's okay not ",""
"chapter_6","Narrator",298,"The receptionist is kind. Professional.",""
"chapter_6","Amelia",300,"I have a friend. A flatmate. She's been missing lectures and",""
"chapter_6","Narrator",302,"They take the details. They'll 'reach out.'",""
"chapter_6","Narrator",304,"I did the right thing. I think.",""
"chapter_6","Narrator",306,"A week later, Amelia sees a counsellor in the halls corridor",""
"chapter_6","Narrator",308,"Did they reach out? Did Sarah let them in?",""
"chapter_6","Narrator",310,"She doesn't know. The system is working. Or it isn't. And fr",""
"chapter_6","Narrator",316,"She'll be fine. She's probably just stressed. Everyone's str",""
"chapter_6","Narrator",318,"Amelia sends a group text about a kitchen dinner. Sarah does",""
"chapter_6","Narrator",320,"She tells herself this is normal.",""
"chapter_6","Narrator",322,"She's fine. She said she was fine.",""
"chapter_6","Narrator",334,"3:17am.",""
"chapter_6","Narrator",338,"He's staring at his phone. The screen is off.",""
"chapter_6","Amelia",340,"Hey.",""
"chapter_6","Lucas",342,"Hey.",""
"chapter_6","Narrator",344,"She sits.",""
"chapter_6","Narrator",346,"The kitchen at 3am is a different country. The fluorescent l",""
"chapter_6","Amelia",348,"Can't sleep?",""
"chapter_6","Lucas",350,"Not really.",""
"chapter_6","Narrator",352,"Silence. The fridge hums.",""
"chapter_6","Lucas",354,"My dad called.",""
"chapter_6","Narrator",356,"He says it the way you'd say 'the weather's changed.' Factua",""
"chapter_6","Lucas",358,"He does this. Once every four or five months. Calls at midni",""
"chapter_6","Narrator",360,"He pushes the cold tea aside.",""
"chapter_6","Lucas",362,"He wanted to tell me he's proud of me. Which would be nice i",""
"chapter_6","Amelia",364,"Lucas...",""
"chapter_6","Lucas",366,"He said psychology. He said 'I hear you're in London studyin",""
"chapter_6","Narrator",368,"A pause.",""
"chapter_6","Lucas",370,"It's not the same thing.",""
"chapter_6","Narrator",377,"3am. The kitchen. The truth is on the table.",""
"chapter_6","Amelia",385,"Does he know you at all?",""
"chapter_6","Narrator",387,"Lucas looks at her. Surprised by the directness.",""
"chapter_6","Lucas",389,"He knows the version he built. The one where I'm grateful fo",""
"chapter_6","Narrator",391,"He rubs his face.",""
"chapter_6","Lucas",393,"I read all this stuff. Jung. The Father archetype. The Absen",""
"chapter_6","Amelia",395,"Maybe the knowing isn't supposed to make it stop. Maybe it j",""
"chapter_6","Narrator",397,"He looks at her. For a long time.",""
"chapter_6","Lucas",399,"That's... that's actually the most useful thing anyone's sai",""
"chapter_6","Amelia",401,"I stole it from Maya.",""
"chapter_6","Lucas",403,"I know. She said the same thing to me last term. It's better",""
"chapter_6","Narrator",405,"They talk until dawn. When the sky starts to lighten, Lucas ",""
"chapter_6","Amelia",412,"To be fair, Plymouth is basically London. If you squint.",""
"chapter_6","Narrator",414,"Lucas almost smiles.",""
"chapter_6","Lucas",416,"If you squint and remove about eight million people.",""
"chapter_6","Amelia",418,"And the tube. And the culture. And the housing crisis.",""
"chapter_6","Lucas",420,"We have a housing crisis.",""
"chapter_6","Amelia",422,"Touché.",""
"chapter_6","Narrator",424,"They talk. She listens. When it gets too close to the bone —",""
"chapter_6","Narrator",426,"He's grateful. She can tell.",""
"chapter_6","Narrator",428,"But something stays unsaid. The conversation reaches the edg",""
"chapter_6","Lucas",430,"Thanks, Amelia.",""
"chapter_6","Amelia",432,"Any time.",""
"chapter_6","Narrator",434,"She means it. But she knows, somewhere, that 'any time' isn'",""
"chapter_6","Amelia",440,"Lucas, it's three in the morning. I can barely think. Can we",""
"chapter_6","Narrator",442,"He looks at her.",""
"chapter_6","Lucas",444,"Sure. Yeah. Tomorrow.",""
"chapter_6","Narrator",446,"She goes back to bed.",""
"chapter_6","Narrator",448,"Tomorrow, she catches his eye in the kitchen. He nods. Smile",""
"chapter_6","Lucas",450,"'Morning.",""
"chapter_6","Narrator",452,"He doesn't bring it up again.",""
"chapter_6","Narrator",454,"He doesn't bring it up again because he won't. Not to her. T",""
"chapter_6","Narrator",466,"December. Exams.",""
"chapter_6","Narrator",468,"The library is a battlefield. Every seat is occupied. The pr",""
"chapter_6","Narrator",470,"Amelia has four exams in five days. Developmental psychology",""
"chapter_6","Narrator",472,"She studies. She makes flashcards. She colour-codes her note",""
"chapter_6","Narrator",475,"Hawthorne sends an email: 'Don't try to know everything. Kno",""
"chapter_6","Narrator",478,"Simmons texts: 'Remember to eat. Remember to sleep. The exam",""
"chapter_6","Narrator",481,"Maya's note under the door: 'You already know more than you ",""
"chapter_6","Narrator",484,"Elena texts: 'The alchemists called this the Test of Fire. Y",""
"chapter_6","Narrator",492,"The exams loom. Amelia's mental health score is low.",""
"chapter_6","Narrator",498,"She locks herself in the library for three days. She eats sa",""
"chapter_6","Narrator",500,"She passes. Not brilliantly. But she passes.",""
"chapter_6","Narrator",502,"I survived. That's not the same as excelling. But right now,",""
"chapter_6","Narrator",507,"She tries. She really does. But the material slips through h",""
"chapter_6","Narrator",509,"She passes two out of four on the first attempt. The others ",""
"chapter_6","Narrator",511,"I should feel worse about this. The fact that I don't is eit",""
"chapter_6","Narrator",517,"She sits in front of her notes. The words are there. She can",""
"chapter_6","Narrator",519,"The panic comes back — not the full attack, but its shadow. ",""
"chapter_6","Narrator",521,"She passes one exam. The rest are blank enough to require re",""
"chapter_6","Narrator",523,"I'm failing. Not just the exams. I'm failing at the thing I ",""
"chapter_6","Narrator",527,"Breathe.",""
"chapter_6","Narrator",530,"The exams arrive. Amelia is ready.",""
"chapter_6","Narrator",536,"She's prepared. Not over-prepared — Simmons warned her about",""
"chapter_6","Narrator",538,"She sits in the exam hall. She reads the questions. She know",""
"chapter_6","Narrator",540,"She writes.",""
"chapter_6","Narrator",542,"When she comes out, the December air hits her face. Cold. Cl",""
"chapter_6","Narrator",544,"I did that. I actually did that. I'm not Sophia — I didn't a",""
"chapter_6","Narrator",549,"She meant to start earlier. She always means to start earlie",""
"chapter_6","Narrator",551,"Two days before the first exam, she discovers she has opinio",""
"chapter_6","Narrator",553,"She scrapes through. Not elegant. But through.",""
"chapter_6","Narrator",565,"Home.",""
"chapter_6","Narrator",567,"The house smells the same. Ginger and pine and the specific ",""
"chapter_6","Narrator",569,"Christmas Day is loud and warm and exactly as it's always be",""
"chapter_6","Narrator",571,"And Amelia. Home. But not quite home. Standing in the kitche",""
"chapter_6","Mrs. James",573,"You're thin.",""
"chapter_6","Amelia",575,"I'm not thin, Mum.",""
"chapter_6","Mrs. James",577,"You're thin and you have bags under your eyes and you're dri",""
"chapter_6","Amelia",579,"I'm a university student. Wine is basically part of the curr",""
"chapter_6","Mr. James",581,"Leave her alone, Grace.",""
"chapter_6","Mrs. James",583,"I'm not doing anything! I'm observing! I'm a mother, I'm all",""
"chapter_6","Narrator",585,"After dinner. The living room. David is asleep in the chair.",""
"chapter_6","Narrator",587,"Amelia dries.",""
"chapter_6","Mrs. James",589,"So. How is it? Really?",""
"chapter_6","Narrator",601,"Grace is waiting. The plates are an excuse.",""
"chapter_6","Amelia",607,"It's been harder than I expected, Mum.",""
"chapter_6","Amelia",611,"Not bad. Not all bad. I've got good friends and I love the c",""
"chapter_6","Narrator",613,"Grace turns around. Her eyes are wet.",""
"chapter_6","Mrs. James",615,"Why didn't you tell me?",""
"chapter_6","Amelia",617,"Because I wanted to handle it. Because telling you means it'",""
"chapter_6","Narrator",619,"Grace puts down the washing-up gloves. She pulls Amelia into",""
"chapter_6","Mrs. James",621,"It is real. And you don't have to handle it alone. That's no",""
"chapter_6","Narrator",623,"Later, David finds Amelia on the stairs. He sits beside her.",""
"chapter_6","Mr. James",625,"Your mum told me.",""
"chapter_6","Amelia",627,"I'm okay, Dad.",""
"chapter_6","Mr. James",629,"I know you are. But I want you to know: if you need to come ",""
"chapter_6","Amelia",634,"It's brilliant, Mum! The course is great, the friends are gr",""
"chapter_6","Narrator",636,"Grace looks at her.",""
"chapter_6","Mrs. James",638,"I believe the Plymouth part.",""
"chapter_6","Amelia",640,"Honestly, Mum. I'm fine.",""
"chapter_6","Narrator",642,"Grace goes back to washing up. She doesn't push. But somethi",""
"chapter_6","Narrator",644,"She knows I'm performing. She knows and she's letting me bec",""
"chapter_6","Amelia",650,"Oh, you'd love it. My friend Raj cooks the best daal you've ",""
"chapter_6","Mrs. James",652,"I know what the Hoe is!",""
"chapter_6","Narrator",654,"They laugh. Amelia tells stories. The flatmates, the lecture",""
"chapter_6","Narrator",656,"Grace is smiling. But—",""
"chapter_6","Mrs. James",658,"And you? How are you?",""
"chapter_6","Amelia",660,"I'm part of all of that, Mum. That's how I am.",""
"chapter_6","Narrator",662,"It's not a lie. It's also not the whole truth.",""
"chapter_6","Narrator",671,"Ella. Message received: three crying-laughing emojis and a l",""
"chapter_6","Narrator",678,"Christmas break. Ella. The anchor.",""
"chapter_6","Narrator",685,"They meet at a café in Bromley. Ella arrives seventeen minut",""
"chapter_6","Ella",687,"I'M HERE. DON'T START WITHOUT ME.",""
"chapter_6","Amelia",689,"Start what?",""
"chapter_6","Ella",691,"The emotional reunion. I've rehearsed it.",""
"chapter_6","Narrator",693,"They order coffee. Ella orders cake. Then more cake. Then a ",""
"chapter_6","Narrator",695,"And they talk.",""
"chapter_6","Narrator",697,"Not the surface talk — not the 'how's uni' talk. The real ta",""
"chapter_6","Ella",699,"That's not scary. That's the whole point.",""
"chapter_6","Amelia",701,"Of what?",""
"chapter_6","Ella",703,"Of leaving. You left so you could become someone who wasn't ",""
"chapter_6","Narrator",705,"Amelia stares at her.",""
"chapter_6","Amelia",707,"When did you get wise?",""
"chapter_6","Ella",709,"I've always been wise. You just didn't notice because of my ",""
"chapter_6","Narrator",711,"They stay for three hours. They laugh until crying. It's the",""
"chapter_6","Narrator",716,"They get coffee. Forty minutes. It's warm and fond and sligh",""
"chapter_6","Ella",718,"We need to do this properly next time.",""
"chapter_6","Amelia",720,"We will.",""
"chapter_6","Narrator",722,"They both know they won't.",""
"chapter_6","Narrator",728,"They text. They make plans. The plans fall through — family ",""
"chapter_6","Narrator",730,"ella: next time for sure!!! miss you ❤️",""
"chapter_6","Narrator",732,"amelia: miss you too. definitely next time ❤️",""
"chapter_6","Narrator",734,"We used to see each other every day. Now 'next time' is a pr",""
"chapter_6","Narrator",748,"December 21st. The shortest day. The longest night.",""
"chapter_6","Narrator",751,"Elena's text arrives at sunset.",""
"chapter_6","Narrator",753,"elena: midwinter. the longest dark. some traditions mark it.",""
"chapter_6","Narrator",755,"No explanation. No itinerary. That's Elena — she gives you e",""
"chapter_6","Narrator",758,"Maya mentions it during a group dinner, oblique and casual, ",""
"chapter_6","Maya",760,"The solstice is tonight. Some people mark it. Light fires, s",""
"chapter_6","Narrator",762,"She catches Amelia's eye.",""
"chapter_6","Maya",764,"There's a group. In Cornwall. If you're interested.",""
"chapter_6","Narrator",774,"The longest night. An invitation into the dark.",""
"chapter_6","Narrator",784,"She goes.",""
"chapter_6","Narrator",786,"Madron. The holy well in the woods. She's been here before —",""
"chapter_6","Narrator",788,"Elena has lit candles. Dozens of them, in jars, lining the p",""
"chapter_6","Narrator",790,"Other people are there. Quiet. Standing in the ruined baptis",""
"chapter_6","Elena",792,"Dydh da, Amelia.",""
"chapter_6","Amelia",794,"It's night.",""
"chapter_6","Elena",796,"In Cornish, 'dydh da' is also a greeting for moments that ma",""
"chapter_6","Narrator",798,"They stand by the water. The candles flicker. The stars are ",""
"chapter_6","Elena",800,"Tonight we sit with the dark. Not to defeat it — to understa",""
"chapter_6","Narrator",802,"The hours pass. Tea from a thermos. Silence. The occasional ",""
"chapter_6","Narrator",804,"At dawn — grey, then pale, then gold — Elena speaks.",""
"chapter_6","Elena",806,"Meur ras. Thank you. For being here.",""
"chapter_6","Narrator",808,"Amelia doesn't speak. She doesn't need to.",""
"chapter_6","Narrator",810,"I've been in the Nigredo all term. I didn't know it had a na",""
"chapter_6","Narrator",817,"A hilltop. A fire, small but bright. Stars.",""
"chapter_6","Narrator",819,"They sit in a circle. Nobody speaks for the first hour. The ",""
"chapter_6","Narrator",821,"Maya takes her hand.",""
"chapter_6","Maya",823,"This is the oldest night. Everything that's been building — ",""
"chapter_6","Narrator",827,"I understand something I didn't understand before. I can't a",""
"chapter_6","Narrator",834,"She goes. She watches. She stands at the edge.",""
"chapter_6","Narrator",836,"The candles, the water, the silence — it's beautiful. But sh",""
"chapter_6","Elena",838,"You're thinking.",""
"chapter_6","Amelia",840,"Isn't that the point?",""
"chapter_6","Elena",842,"No.",""
"chapter_6","Narrator",845,"She goes. She sits at the edge of the circle. She watches.",""
"chapter_6","Narrator",847,"It's beautiful. And strange. And she's not quite part of it.",""
"chapter_6","Maya",849,"It's okay to be on the edge. That's where doors are.",""
"chapter_6","Narrator",855,"amelia: i can't tonight. sorry. merry christmas.",""
"chapter_6","Narrator",857,"elena: the light returns whether you watch it or not. meur r",""
"chapter_6","Amelia",860,"I think I'll pass. Thanks, Maya.",""
"chapter_6","Maya",862,"No worries.",""
"chapter_6","Narrator",864,"She smiles. But the invitation won't come again. Not like th",""
"chapter_6","Narrator",877,"January.",""
"chapter_6","Narrator",879,"She comes back. The Tamar Bridge again. Plymouth in winter —",""
"chapter_6","Narrator",881,"The room is as she left it. Her books. Her notes. The dried ",""
"chapter_6","Narrator",883,"But something's shifted.",""
"chapter_6","Narrator",885,"The group reconvenes in the kitchen. Raj cooks. Of course Ra",""
"chapter_6","Narrator",887,"Liz has a new haircut and a story about her nan who is recov",""
"chapter_6","Narrator",890,"Sarah comes. She's thinner. She's quieter. But she comes.",""
"chapter_6","Narrator",892,"She sits at the table. Raj puts a plate in front of her.",""
"chapter_6","Raj",894,"Eat.",""
"chapter_6","Narrator",896,"She eats.",""
"chapter_6","Narrator",898,"It's not fixed. But she's here.",""
"chapter_6","Narrator",900,"Sarah texts: back in plymouth. sorry i was weird last term. ",""
"chapter_6","Narrator",902,"'Try harder.' As if she owes us effort. As if healing is a p",""
"chapter_6","Narrator",904,"Sarah's room is dark. She came back — her name's still on th",""
"chapter_6","Narrator",906,"Term two. The second act. The approach to whatever's coming.",""
"chapter_6","Centered",916,"End of Chapter Six",""
"chapter_7","Centered",27,"Chapter Seven\n\nThe Approach",""
"chapter_7","Narrator",42,"February. Hawthorne's office. The light is different — lower",""
"chapter_7","Narrator",44,"They're reviewing her essay. It's good. She knows it's good.",""
"chapter_7","Narrator",46,"Then he puts the essay down.",""
"chapter_7","Prof. Hawthorne",48,"I had a student who died.",""
"chapter_7","Narrator",50,"The room goes still.",""
"chapter_7","Prof. Hawthorne",52,"Twenty years ago. Brilliant girl — more brilliant than anyon",""
"chapter_7","Narrator",54,"He looks at his hands.",""
"chapter_7","Prof. Hawthorne",56,"I have spent twenty years trying to understand how I — a pro",""
"chapter_7","Narrator",58,"He looks at her.",""
"chapter_7","Prof. Hawthorne",60,"I tell you this because I see you making the same mistake I ",""
"chapter_7","Narrator",69,"February. Simmons' office. The plants are doing something ex",""
"chapter_7","Dr. Simmons",71,"Look at it! Three years! Three years I've waited for this!",""
"chapter_7","Narrator",73,"She turns to Amelia. The excitement fades into something mor",""
"chapter_7","Dr. Simmons",75,"I need to tell you something. About why I do this work.",""
"chapter_7","Dr. Simmons",79,"When I was your age, I had an eating disorder. A bad one. Th",""
"chapter_7","Narrator",81,"Amelia doesn't speak.",""
"chapter_7","Dr. Simmons",83,"I recovered. Slowly, messily, with help. And then I spent th",""
"chapter_7","Narrator",85,"She takes a sip of tea.",""
"chapter_7","Dr. Simmons",87,"That's why I ask how you're eating. That's why I watch. Not ",""
"chapter_7","Narrator",96,"February. Walking on the Hoe. It's cold but Maya doesn't see",""
"chapter_7","Maya",100,"I need to tell you something.",""
"chapter_7","Narrator",102,"She sits on the wall. Legs swinging.",""
"chapter_7","Maya",104,"I've experienced psychosis. Twice. The first time was after ",""
"chapter_7","Narrator",106,"She says it like she's reporting the weather.",""
"chapter_7","Maya",108,"I heard things. Saw patterns that weren't patterns. I was ce",""
"chapter_7","Amelia",110,"Maya...",""
"chapter_7","Maya",112,"I'm telling you because you need to know the difference betw",""
"chapter_7","Narrator",121,"February. Elena takes her to Madron Well again. Not for the ",""
"chapter_7","Narrator",123,"They sit by the water.",""
"chapter_7","Elena",125,"My grandmother was a pellar.",""
"chapter_7","Amelia",127,"You've mentioned that.",""
"chapter_7","Elena",129,"I'm not mentioning it. I'm telling you.",""
"chapter_7","Narrator",131,"She pushes her hair back. The streak of silver catches the l",""
"chapter_7","Elena",133,"She had the sight. Real or not — it doesn't matter. She beli",""
"chapter_7","Elena",135,"She died when I was fourteen. And I spent the next twenty ye",""
"chapter_7","Narrator",137,"She looks at the water.",""
"chapter_7","Elena",139,"I'm in the university because the language of psychology is ",""
"chapter_7","Narrator",146,"The mentor has shown something they usually hide.",""
"chapter_7","Amelia",162,"I had a panic attack last term. In the library. I couldn't b",""
"chapter_7","Narrator",164,"He looks at her. Something shifts — the academic mask slips,",""
"chapter_7","Prof. Hawthorne",166,"And?",""
"chapter_7","Amelia",168,"And I went to counselling. And it helped. But what helped mo",""
"chapter_7","Prof. Hawthorne",170,"Tell me something.",""
"chapter_7","Amelia",172,"What?",""
"chapter_7","Prof. Hawthorne",174,"In that moment — in the library — did your textbook knowledg",""
"chapter_7","Amelia",176,"No.",""
"chapter_7","Prof. Hawthorne",178,"Remember that. Always.",""
"chapter_7","Amelia",181,"I... I've been anxious since I was twelve. Not the normal ki",""
"chapter_7","Dr. Simmons",183,"Tell me about the first time.",""
"chapter_7","Narrator",185,"Amelia tells her. Year 8. A maths test. The room went white ",""
"chapter_7","Dr. Simmons",187,"It wasn't just nerves.",""
"chapter_7","Amelia",189,"I know that now.",""
"chapter_7","Dr. Simmons",191,"Do you? Really?",""
"chapter_7","Narrator",193,"A pause.",""
"chapter_7","Amelia",195,"I'm getting there.",""
"chapter_7","Dr. Simmons",197,"Good. 'Getting there' is perfect. 'Got there' is suspicious.",""
"chapter_7","Amelia",200,"I've been having these moments — not psychosis, not that — b",""
"chapter_7","Maya",202,"That's not illness. That's perception.",""
"chapter_7","Amelia",204,"How do you tell the difference?",""
"chapter_7","Maya",206,"Can you still function? Eat, sleep, talk to your friends, sh",""
"chapter_7","Amelia",208,"Yes.",""
"chapter_7","Maya",210,"Then it's perception. The moment you can't function, it's il",""
"chapter_7","Amelia",213,"I found the note in the Paracelsus book. I've been to the ce",""
"chapter_7","Elena",215,"Lowen.",""
"chapter_7","Amelia",217,"You keep saying that.",""
"chapter_7","Elena",219,"Because it keeps being true.",""
"chapter_7","Amelia",233,"Thank you for telling me that. It means a lot.",""
"chapter_7","Prof. Hawthorne",236,"It's not about meaning a lot. It's about being useful. Learn",""
"chapter_7","Dr. Simmons",239,"I don't tell many people. But I can see you're someone who n",""
"chapter_7","Maya",242,"Good. Now you know my context. It doesn't change what I've t",""
"chapter_7","Elena",245,"Meur ras. I don't tell many people about her. You seemed rea",""
"chapter_7","Amelia",250,"Shall we... shall we look at the essay feedback?",""
"chapter_7","Narrator",253,"Hawthorne stares at her for a long moment. Then nods.",""
"chapter_7","Prof. Hawthorne",255,"Very well.",""
"chapter_7","Narrator",258,"Simmons' face closes. Just slightly.",""
"chapter_7","Dr. Simmons",260,"Sure. Of course.",""
"chapter_7","Maya",263,"Okay.",""
"chapter_7","Narrator",265,"The walk continues. But the air between them is different no",""
"chapter_7","Elena",268,"...",""
"chapter_7","Narrator",270,"She stands. They walk back in silence.",""
"chapter_7","Narrator",282,"February.",""
"chapter_7","Narrator",285,"They're in the kitchen. Just the two of them. Late afternoon",""
"chapter_7","Narrator",287,"They talk about nothing. The weather. A documentary Raj reco",""
"chapter_7","Narrator",289,"Then Sarah says it.",""
"chapter_7","Sarah",291,"I've been thinking about what I'd want people to know. If I ",""
"chapter_7","Narrator",295,"Amelia's hands go cold.",""
"chapter_7","Sarah",297,"Like... if something happened. I'd want my mum to know I tri",""
"chapter_7","Sarah",301,"Doesn't matter.",""
"chapter_7","Narrator",303,"It matters. It matters more than anything anyone has ever sa",""
"chapter_7","Narrator",306,"Liz finds Amelia in the corridor.",""
"chapter_7","Liz",308,"Can I talk to you? About Sarah?",""
"chapter_7","Narrator",310,"Her face is wrong. The brightness is gone.",""
"chapter_7","Liz",312,"She gave me her favourite book yesterday. The poetry one — P",""
"chapter_7","Narrator",314,"Amelia's stomach drops.",""
"chapter_7","Liz",316,"That's... that's a thing, isn't it? Giving away stuff? I rea",""
"chapter_7","Amelia",318,"Did she say anything else?",""
"chapter_7","Liz",320,"She said she was 'sorting things out.' That's what she said.",""
"chapter_7","Narrator",323,"An email from a lecturer. Cc'd to the academic advisor.",""
"chapter_7","Narrator",325,"\""I'm writing to flag that Sarah Whitmore has not submitted ",""
"chapter_7","Narrator",327,"Amelia reads it. Closes it. Opens it again.",""
"chapter_7","Narrator",329,"Three weeks. She hasn't submitted anything in three weeks an",""
"chapter_7","Narrator",336,"The alarm is sounding. What does Amelia do?",""
"chapter_7","Narrator",345,"She doesn't wait. She doesn't think about it. She doesn't se",""
"chapter_7","Narrator",347,"She goes to Sarah's room. She knocks.",""
"chapter_7","Amelia",349,"Sarah. Open the door.",""
"chapter_7","Narrator",351,"The door opens.",""
"chapter_7","Narrator",353,"Sarah looks at her. Those eyes — tired, dark-circled, the ey",""
"chapter_7","Amelia",355,"I heard what you said. And I'm scared for you.",""
"chapter_7","Sarah",357,"Amelia—",""
"chapter_7","Amelia",359,"I'm not going to pretend I didn't hear it. And I'm not going",""
"chapter_7","Narrator",361,"Sarah's face crumbles. Not crying — breaking. The mask comin",""
"chapter_7","Sarah",363,"I'm so tired.",""
"chapter_7","Amelia",365,"I know. And you don't have to do this alone. Tomorrow, we're",""
"chapter_7","Narrator",367,"A long silence.",""
"chapter_7","Sarah",369,"...Okay.",""
"chapter_7","Narrator",371,"The next morning, they walk there together. Amelia sits in t",""
"chapter_7","Sarah",373,"They said I should see my GP.",""
"chapter_7","Amelia",375,"Okay. I'll come with you.",""
"chapter_7","Sarah",377,"You don't have to—",""
"chapter_7","Amelia",379,"I know.",""
"chapter_7","Narrator",386,"She goes to Sarah's room.",""
"chapter_7","Amelia",388,"Can we talk?",""
"chapter_7","Narrator",390,"They sit on Sarah's bed. Amelia tries to say the right thing",""
"chapter_7","Narrator",392,"But she's eighteen. And the gap between knowing what to say ",""
"chapter_7","Amelia",394,"I've noticed you've been struggling. And I want you to know ",""
"chapter_7","Sarah",396,"I know it's okay.",""
"chapter_7","Amelia",398,"And if you need to talk to someone—",""
"chapter_7","Sarah",400,"I'm talking to you.",""
"chapter_7","Narrator",404,"They talk for an hour. Sarah opens up, a little. Not all the",""
"chapter_7","Narrator",411,"She finds Lucas.",""
"chapter_7","Amelia",413,"I'm worried about Sarah.",""
"chapter_7","Narrator",415,"She tells him what she heard. His face goes very still.",""
"chapter_7","Lucas",417,"That's serious, Amelia.",""
"chapter_7","Amelia",419,"I know. I don't know what to do.",""
"chapter_7","Lucas",421,"We check on her. Together. Now.",""
"chapter_7","Narrator",423,"They go to Sarah's room together. Lucas knocks. His voice is",""
"chapter_7","Narrator",427,"It helps. A little. But the weight of what's happening is bi",""
"chapter_7","Narrator",434,"I'm overthinking this. She's just stressed. Everyone says th",""
"chapter_7","Narrator",436,"She closes the email. She changes the subject. She looks awa",""
"chapter_7","Narrator",438,"The signs were there. She chose not to see them.",""
"chapter_7","Narrator",440,"This is the choice she will carry for the longest time.",""
"chapter_7","Narrator",452,"It happens on a Tuesday. The most ordinary day of the week.",""
"chapter_7","Narrator",454,"The library. Study group. Lucas hasn't done the reading. Raj",""
"chapter_7","Narrator",456,"Liz asks a question. An innocent question. A good question, ",""
"chapter_7","Liz",458,"I don't understand the difference between reliability and va",""
"chapter_7","Narrator",460,"And Amelia snaps.",""
"chapter_7","Amelia",462,"Liz, it's literally in the textbook. Page 147. I don't under",""
"chapter_7","Narrator",464,"The room freezes.",""
"chapter_7","Narrator",466,"Liz's face. The hurt on it is immediate and absolute.",""
"chapter_7","Narrator",468,"Amelia hears herself. Hears the echo. Recognises the voice —",""
"chapter_7","Narrator",470,"What did I just do?",""
"chapter_7","Narrator",472,"Liz picks up her bag.",""
"chapter_7","Liz",474,"I was just asking.",""
"chapter_7","Narrator",476,"She leaves.",""
"chapter_7","Narrator",485,"The words can't be unsaid. What happens next matters.",""
"chapter_7","Amelia",493,"Liz. I'm so sorry.",""
"chapter_7","Liz",495,"It's fine.",""
"chapter_7","Amelia",497,"It's not fine. What I said was cruel and unfair and it wasn'",""
"chapter_7","Narrator",499,"Liz looks at her.",""
"chapter_7","Liz",501,"I know you're stressed. We're all stressed.",""
"chapter_7","Amelia",503,"I know. And you didn't deserve that.",""
"chapter_7","Narrator",505,"A pause.",""
"chapter_7","Liz",507,"...Thank you. For saying sorry. Not everyone does.",""
"chapter_7","Narrator",509,"They hug. It doesn't erase it. But it starts to heal it.",""
"chapter_7","Narrator",515,"She doesn't follow Liz. Not yet.",""
"chapter_7","Narrator",517,"She goes to her room. Opens her journal. And writes.",""
"chapter_7","Narrator",519,"I said the thing Tasha would say. I became the person I desp",""
"chapter_7","Narrator",521,"She writes for an hour. About the Shadow — about Jung's idea",""
"chapter_7","Narrator",523,"I will apologise to Liz. Tomorrow. Properly. But first I nee",""
"chapter_7","Narrator",525,"She texts Liz later that night: i'm so sorry. i was awful. c",""
"chapter_7","Narrator",527,"liz: yes. large. extra shot. and one of those expensive past",""
"chapter_7","Narrator",533,"It WAS in the textbook. Page 147. How can she still not know",""
"chapter_7","Narrator",535,"She tells herself this. And the thing about telling yourself",""
"chapter_7","Narrator",537,"She doesn't apologise. The study group reconvenes three days",""
"chapter_7","Narrator",539,"Something between them has been damaged. Not destroyed — Liz",""
"chapter_7","Narrator",541,"And Amelia, in the quiet moments, hears the echo of her own ",""
"chapter_7","Narrator",551,"Results day. The corridor outside the department office.",""
"chapter_7","Narrator",553,"Amelia gets her marks on the portal: 67%%. 64%%. 71%%. She's",""
"chapter_7","Narrator",555,"She looks up from her phone and sees Sophia.",""
"chapter_7","Narrator",559,"Sophia has failed.",""
"chapter_7","Narrator",561,"58%%. Research methods. Below the pass threshold for first-c",""
"chapter_7","Narrator",563,"The colour-coded pens. The annotated reading lists. The twen",""
"chapter_7","Narrator",565,"She's standing in the corridor looking at her phone like it'",""
"chapter_7","Narrator",572,"Sophia Kowalski, who has never needed anyone, looks like she",""
"chapter_7","Amelia",579,"Sophia.",""
"chapter_7","Amelia",583,"Are you okay?",""
"chapter_7","Sophia",585,"Obviously not.",""
"chapter_7","Amelia",587,"I got 58 in my first stats test. I literally cried in the li",""
"chapter_7","Narrator",589,"Sophia stares at her.",""
"chapter_7","Sophia",591,"You're telling me this to make me feel better.",""
"chapter_7","Amelia",593,"I'm telling you this because failing one test doesn't mean y",""
"chapter_7","Narrator",595,"A long silence.",""
"chapter_7","Sophia",597,"...Do you want to get coffee?",""
"chapter_7","Narrator",599,"They get coffee. Sophia talks — not in her usual controlled,",""
"chapter_7","Sophia",601,"My parents will be devastated.",""
"chapter_7","Amelia",603,"Will they?",""
"chapter_7","Sophia",605,"My mum got a first from Warsaw. My dad got a first from Wars",""
"chapter_7","Amelia",607,"Plans change.",""
"chapter_7","Sophia",609,"Not in my family.",""
"chapter_7","Narrator",611,"For the first time, Amelia sees Sophia not as a rival but as",""
"chapter_7","Amelia",618,"Sophia — do you want to go over the research methods materia",""
"chapter_7","Narrator",620,"Sophia looks at her. The offer is professional. Non-threaten",""
"chapter_7","Sophia",622,"...That might be useful. Yes.",""
"chapter_7","Narrator",624,"They study together. It's efficient and productive. Sophia i",""
"chapter_7","Sophia",626,"Thank you. I don't... thank you.",""
"chapter_7","Narrator",631,"58%%. Sophia Kowalski, the machine, the colour-coded perfect",""
"chapter_7","Narrator",635,"I should feel guilty. I don't. I feel... relieved. She's hum",""
"chapter_7","Narrator",637,"It's an ugly thought. She knows it's ugly. She has it anyway",""
"chapter_7","Narrator",649,"A group project. Developmental psych. The deadline is Thursd",""
"chapter_7","Narrator",651,"Amelia discovers that a teammate — not someone she's close t",""
"chapter_7","Narrator",653,"Plagiarism. Borderline, but plagiarism.",""
"chapter_7","Narrator",658,"What would Hawthorne say? He'd say 'integrity is not negotia",""
"chapter_7","Narrator",661,"What would Simmons say? She'd say 'think about the person.' ",""
"chapter_7","Narrator",664,"What would Maya say? She'd say 'what does your gut tell you?",""
"chapter_7","Narrator",667,"What would Elena say? She'd say something cryptic about the ",""
"chapter_7","Narrator",674,"The deadline is Thursday. The paragraph is stolen. The choic",""
"chapter_7","Narrator",688,"She flags it. She emails the module leader. She tells her gr",""
"chapter_7","Narrator",690,"The teammate is furious. The group is stressed. The investig",""
"chapter_7","Narrator",692,"In the end: the teammate is given a formal warning. The rest",""
"chapter_7","Narrator",695,"Hawthorne's feedback: 'This was the right decision. It was a",""
"chapter_7","Narrator",701,"She rewrites the paragraph. It takes forty minutes. She does",""
"chapter_7","Narrator",705,"I covered for someone else's dishonesty. And I got a good ma",""
"chapter_7","Narrator",710,"She does nothing. She submits. She hopes.",""
"chapter_7","Narrator",712,"They get 68%%. The plagiarism isn't caught.",""
"chapter_7","Narrator",714,"I got away with it. The stolen paragraph is part of my grade",""
"chapter_7","Narrator",728,"Late one night. Reading.",""
"chapter_7","Narrator",730,"An old text — found online, a digitised scan of a book publi",""
"chapter_7","Narrator",732,"She's been following a thread. From the Paracelsus book to t",""
"chapter_7","Narrator",734,"And then she finds it.",""
"chapter_7","Narrator",736,"A passage about the three stages of the Great Work: Nigredo,",""
"chapter_7","Narrator",738,"She reads the descriptions.",""
"chapter_7","Narrator",740,"Nigredo: 'The dark night of the soul. The dissolution of the",""
"chapter_7","Narrator",742,"Albedo: 'The purification. The separation of elements. A gui",""
"chapter_7","Narrator",744,"Rubedo: 'The reddening. Transformation complete. The philoso",""
"chapter_7","Narrator",746,"Her skin prickles.",""
"chapter_7","Narrator",748,"September to November. The dark. The panic. The confusion. T",""
"chapter_7","Narrator",750,"November to now. The mentor. Cornwall. The clarity. That's t",""
"chapter_7","Narrator",752,"And Rubedo... Rubedo hasn't happened yet.",""
"chapter_7","Narrator",754,"But it's coming.",""
"chapter_7","Narrator",761,"The pattern is visible. A map of her own year in a book publ",""
"chapter_7","Narrator",768,"She reads all night.",""
"chapter_7","Narrator",770,"Not just Waite — Jung's Psychology and Alchemy. Hillman. Von",""
"chapter_7","Narrator",772,"By dawn, she has a notebook full of parallels. Her year — th",""
"chapter_7","Narrator",774,"Either the alchemists knew something about the human soul th",""
"chapter_7","Narrator",777,"She texts Elena: i found the three works. nigredo. albedo. r",""
"chapter_7","Narrator",779,"elena: now you're seeing it. an gwella. the sight.",""
"chapter_7","Narrator",785,"She closes the book. Takes a breath.",""
"chapter_7","Narrator",787,"It's interesting. It's a compelling framework. But I'm a psy",""
"chapter_7","Narrator",789,"She writes a journal entry about it. Then she goes to sleep.",""
"chapter_7","Narrator",794,"She closes the book.",""
"chapter_7","Narrator",796,"No. This is — this is confirmation bias. I'm seeing patterns",""
"chapter_7","Narrator",798,"She deletes the bookmark.",""
"chapter_7","Narrator",812,"Late February.",""
"chapter_7","Narrator",814,"The days are getting longer. Barely — two minutes a day, thr",""
"chapter_7","Narrator",816,"She stands on the Hoe. The sea is grey-green, churning. A st",""
"chapter_7","Narrator",818,"But she doesn't go inside.",""
"chapter_7","Narrator",820,"She stands there and watches the clouds build on the horizon",""
"chapter_7","Narrator",822,"Something is coming. I can feel it. Not the storm — somethin",""
"chapter_7","Narrator",825,"Sarah. The counselling appointment is next week. She promise",""
"chapter_7","Narrator",827,"Sarah. I need to keep watching. I need to stay close.",""
"chapter_7","Narrator",829,"Sarah...",""
"chapter_7","Narrator",831,"The wind picks up. The first drops of rain.",""
"chapter_7","Narrator",833,"She stays a moment longer. Then turns, pulls up her hood, an",""
"chapter_7","Narrator",835,"Ready or not.",""
"chapter_7","Centered",848,"End of Chapter Seven",""
"chapter_8","Centered",30,"Content Warning\n\nThis chapter contains depictions of depre",""
"chapter_8","Centered",40,"Chapter Eight\n\nThe Ordeal",""
"chapter_8","Narrator",57,"Amelia sits at her desk. The essay is due tomorrow. The scre",""
"chapter_8","Narrator",59,"She has written: 'Discuss the role of attachment theory in u",""
"chapter_8","Narrator",61,"That's the title. She's been staring at it for three hours.",""
"chapter_8","Narrator",63,"The room is dark. She hasn't turned the light on because tur",""
"chapter_8","Narrator",65,"I can't do this.",""
"chapter_8","Narrator",69,"I can't do this. I'm not smart enough. I was never smart eno",""
"chapter_8","Narrator",71,"The spiral.",""
"chapter_8","Narrator",73,"I missed the statistics deadline. I missed it and I didn't t",""
"chapter_8","Narrator",75,"She pushes back from the desk.",""
"chapter_8","Narrator",77,"It's 2am. She hasn't eaten since noon. She's slept four hour",""
"chapter_8","Narrator",79,"The rain is louder than it should be.",""
"chapter_8","Narrator",86,"It's 2am. She can't write. She can't sleep. She can barely t",""
"chapter_8","Narrator",100,"She emails. At 2am. She doesn't care.",""
"chapter_8","Narrator",102,"\""I'm struggling. I've missed a deadline. I can't write this",""
"chapter_8","Narrator",104,"She doesn't expect a response until morning.",""
"chapter_8","Narrator",107,"At 2:14am:",""
"chapter_8","Narrator",109,"\""Miss James. Extensions exist for a reason. Email the depar",""
"chapter_8","Narrator",111,"He's awake at 2am answering student emails. That's either de",""
"chapter_8","Narrator",114,"At 7:30am, her phone rings.",""
"chapter_8","Dr. Simmons",116,"Right. You're having a bad night. We've all had bad nights. ",""
"chapter_8","Amelia",118,"Okay.",""
"chapter_8","Dr. Simmons",120,"Good girl. Bring biscuits.",""
"chapter_8","Narrator",123,"At 6am, a text:",""
"chapter_8","Narrator",125,"maya: meet me on the hoe. sunrise. we breathe first. the ess",""
"chapter_8","Narrator",128,"At 3am:",""
"chapter_8","Narrator",130,"elena: the fire burns hottest before the work is done. you'r",""
"chapter_8","Narrator",136,"She texts the group chat.",""
"chapter_8","Narrator",138,"amelia: i'm having a really really bad night and i don't kno",""
"chapter_8","Narrator",140,"2:03am.",""
"chapter_8","Narrator",142,"raj: kitchen. now. i'm putting the kettle on.",""
"chapter_8","Narrator",148,"At 3am, she's laughing about something stupid — Raj's impres",""
"chapter_8","Narrator",150,"I'm still failing. The essay still isn't written. But I'm he",""
"chapter_8","Narrator",156,"She closes the laptop. She gets into bed.",""
"chapter_8","Narrator",158,"She doesn't text anyone. She doesn't email. She lies in the ",""
"chapter_8","Narrator",160,"Morning comes. The essay isn't written. The deadline passes.",""
"chapter_8","Narrator",162,"She goes to lectures. She sits at the back. She doesn't spea",""
"chapter_8","Narrator",164,"I'm fine. I'm handling it. This is what handling it looks li",""
"chapter_8","Narrator",166,"It isn't.",""
"chapter_8","Narrator",176,"Three days later.",""
"chapter_8","Narrator",178,"Tasha does something.",""
"chapter_8","Narrator",180,"Not the usual — not a photo, not a comment, not the subtle b",""
"chapter_8","Narrator",182,"Something worse.",""
"chapter_8","Narrator",184,"Zara's presentation in Simmons' seminar. She's been working ",""
"chapter_8","Narrator",186,"In the middle of the presentation, Tasha's phone pings. Then",""
"chapter_8","Narrator",190,"'Imagine making your dead grandma your entire personality 💀'",""
"chapter_8","Narrator",194,"The room is silent.",""
"chapter_8","Narrator",196,"Simmons, to her credit, shuts it down instantly.",""
"chapter_8","Dr. Simmons",198,"Phones away. All of you. Now.",""
"chapter_8","Narrator",200,"But the damage is done. Zara stands at the front. Her mouth ",""
"chapter_8","Narrator",202,"She picks up her notes. Walks out.",""
"chapter_8","Narrator",209,"Zara walks past Amelia. The corridor is ahead. The decision ",""
"chapter_8","Narrator",219,"Tasha is looking at her phone. Her expression is — complicat",""
"chapter_8","Amelia",221,"Why?",""
"chapter_8","Tasha",223,"I don't know what you're—",""
"chapter_8","Amelia",225,"Tasha. Please. Just — why?",""
"chapter_8","Narrator",227,"The bathroom is white tile and fluorescent light and the sou",""
"chapter_8","Amelia",229,"Zara hasn't done anything to you. Her presentation was about",""
"chapter_8","Narrator",231,"Tasha's jaw tightens.",""
"chapter_8","Tasha",233,"Because—",""
"chapter_8","Narrator",235,"Something crosses her face. Fear. Or pain.",""
"chapter_8","Tasha",237,"Because she had something to say. And I don't.",""
"chapter_8","Narrator",239,"Silence.",""
"chapter_8","Tasha",241,"Her presentation was real. It was about something real. And ",""
"chapter_8","Narrator",243,"She looks at Amelia. For the first time, the mask is off.",""
"chapter_8","Tasha",245,"I know that's not an excuse.",""
"chapter_8","Amelia",247,"It's not.",""
"chapter_8","Tasha",249,"I know.",""
"chapter_8","Narrator",251,"A pause.",""
"chapter_8","Amelia",253,"You need to take it down. And you need to apologise. To Zara",""
"chapter_8","Tasha",255,"I—",""
"chapter_8","Amelia",257,"Not for me. For yourself. Because if you don't, this is who ",""
"chapter_8","Narrator",264,"She finds Tasha in the corridor. She doesn't wait.",""
"chapter_8","Amelia",266,"Take it down.",""
"chapter_8","Tasha",268,"Take what—",""
"chapter_8","Amelia",270,"The account. The posts. Take it all down right now or I go t",""
"chapter_8","Narrator",272,"Tasha stares at her.",""
"chapter_8","Amelia",274,"You've been doing this all year. The photos. The graffiti. T",""
"chapter_8","Narrator",276,"Tasha's face is rigid. Stone.",""
"chapter_8","Amelia",278,"Take it down. Now.",""
"chapter_8","Narrator",280,"An hour later, the account is deleted.",""
"chapter_8","Narrator",282,"Tasha doesn't speak to Amelia again. Not for the rest of ter",""
"chapter_8","Narrator",288,"Amelia goes to Simmons. Then to the student welfare office. ",""
"chapter_8","Narrator",290,"She brings everything — screenshots, the history, the patter",""
"chapter_8","Narrator",292,"The formal process is longer this time. More serious.",""
"chapter_8","Narrator",294,"Tasha receives a final warning and mandatory counselling. Th",""
"chapter_8","Narrator",296,"It's the right thing. It's the institutional thing. It works",""
"chapter_8","Narrator",298,"But Tasha, in the counselling sessions, sits in silence. The",""
"chapter_8","Narrator",304,"Amelia watches Zara leave.",""
"chapter_8","Narrator",306,"She tells herself she'll do something. Later. When she's fig",""
"chapter_8","Narrator",308,"She doesn't.",""
"chapter_8","Narrator",310,"Zara handles it herself. Simmons helps. The account comes do",""
"chapter_8","Narrator",312,"But the text Amelia gets from Zara says more than words:",""
"chapter_8","Narrator",314,"zara: thanks for nothing.",""
"chapter_8","Narrator",328,"Three days of silence.",""
"chapter_8","Narrator",330,"Sarah's door stays closed.",""
"chapter_8","Narrator",332,"The first day, nobody thinks much of it.",""
"chapter_8","Narrator",334,"The second day, Raj knocks. No answer.",""
"chapter_8","Narrator",336,"The third day—",""
"chapter_8","Narrator",370,"The third day.",""
"chapter_8","Narrator",372,"Amelia doesn't wait for a reply. She doesn't text. She goes ",""
"chapter_8","Narrator",374,"She knocks.",""
"chapter_8","Amelia",376,"Sarah.",""
"chapter_8","Narrator",378,"No answer.",""
"chapter_8","Amelia",380,"Sarah, I'm coming in.",""
"chapter_8","Narrator",382,"The door is unlocked.",""
"chapter_8","Narrator",384,"Inside: the room is dark. Curtains closed. The air is stale ",""
"chapter_8","Narrator",386,"A list of people. A list of things she wants them to know.",""
"chapter_8","Narrator",388,"Sarah is on the bed. She's not asleep. She's staring at the ",""
"chapter_8","Narrator",390,"Amelia sees the notebook. Sees the list. Sees the bottle of ",""
"chapter_8","Narrator",392,"Her hands go cold.",""
"chapter_8","Narrator",394,"She doesn't panic. Something in her — everything she's learn",""
"chapter_8","Amelia",396,"Sarah. I'm here.",""
"chapter_8","Sarah",398,"Go away.",""
"chapter_8","Amelia",400,"No.",""
"chapter_8","Narrator",402,"She sits on the bed.",""
"chapter_8","Amelia",404,"I'm not leaving. I'm calling someone who can help. And I'm s",""
"chapter_8","Narrator",406,"She calls 999. Her voice is steady. She doesn't know how.",""
"chapter_8","Narrator",408,"The ambulance takes seventeen minutes. In those seventeen mi",""
"chapter_8","Amelia",410,"I'm here.",""
"chapter_8","Narrator",412,"Again and again.",""
"chapter_8","Amelia",414,"I'm here.",""
"chapter_8","Narrator",416,"Sarah doesn't speak. But she doesn't move towards the pills.",""
"chapter_8","Narrator",428,"The third day.",""
"chapter_8","Narrator",430,"Amelia goes to Sarah's door. A feeling — not logic, not dedu",""
"chapter_8","Narrator",432,"The door is unlocked.",""
"chapter_8","Narrator",434,"Inside—",""
"chapter_8","Narrator",436,"Sarah.",""
"chapter_8","Narrator",438,"She's on the floor. The pills are scattered. She's conscious",""
"chapter_8","Narrator",440,"Amelia's body moves before her mind does. She's on the floor",""
"chapter_8","Narrator",442,"The ambulance takes twelve minutes.",""
"chapter_8","Sarah",444,"Why did you come?",""
"chapter_8","Narrator",446,"Her voice is a thread.",""
"chapter_8","Amelia",448,"Because I'm your friend.",""
"chapter_8","Sarah",450,"Why couldn't you just leave me alone?",""
"chapter_8","Narrator",452,"Amelia holds her hand.",""
"chapter_8","Amelia",454,"Because friends don't leave.",""
"chapter_8","Narrator",468,"Amelia's phone rings.",""
"chapter_8","Narrator",470,"It's Liz.",""
"chapter_8","Liz",472,"Amelia. You need to come to the hospital.",""
"chapter_8","Narrator",474,"The floor tilts.",""
"chapter_8","Amelia",476,"What—",""
"chapter_8","Liz",478,"It's Sarah. The cleaner found her. She took — she took pills",""
"chapter_8","Narrator",480,"The words arrive one at a time, like stones dropped into sti",""
"chapter_8","Narrator",482,"Sarah is alive.",""
"chapter_8","Narrator",484,"Sarah took pills.",""
"chapter_8","Narrator",486,"The cleaner found her. Not Amelia. The cleaner.",""
"chapter_8","Narrator",498,"A room she's never been in. Beige walls. A box of tissues on",""
"chapter_8","Narrator",502,"She says: 'Please sit down, Amelia.'",""
"chapter_8","Narrator",504,"The words come.",""
"chapter_8","Narrator",506,"Sarah is dead.",""
"chapter_8","Narrator",508,"The counsellor says more. Words. The shapes of words. Time o",""
"chapter_8","Narrator",510,"Amelia hears none of it.",""
"chapter_8","Narrator",512,"Sarah is dead.",""
"chapter_8","Narrator",516,"She doesn't cry. She will. Later. But now — just the fact. T",""
"chapter_8","Narrator",527,"Sarah is in the ambulance. Amelia is in the corridor. The pa",""
"chapter_8","Narrator",537,"Four hours. The fluorescent lights. The squeaking shoes. The",""
"chapter_8","Narrator",539,"A nurse comes out.",""
"chapter_8","Narrator",541,"She's stable.",""
"chapter_8","Narrator",543,"Amelia puts her head in her hands and cries. In the hospital",""
"chapter_8","Narrator",545,"She cries because it worked. It worked. All of it — the text",""
"chapter_8","Narrator",547,"And she cries because it almost didn't.",""
"chapter_8","Narrator",554,"She runs. Back to the flat. Wakes Raj, wakes Liz.",""
"chapter_8","Raj",556,"What — Amelia, what's—",""
"chapter_8","Amelia",558,"It's Sarah. She needs — the hospital — please just come.",""
"chapter_8","Narrator",560,"They come. All of them. The whole flat, in pyjamas and coats",""
"chapter_8","Narrator",562,"The hospital waiting room. Five students sitting in plastic ",""
"chapter_8","Narrator",564,"When the news comes — stable, alive, being treated — Raj put",""
"chapter_8","Narrator",569,"She can't move.",""
"chapter_8","Narrator",571,"The paramedics has taken Sarah. The corridor is empty. The d",""
"chapter_8","Narrator",573,"Amelia stands there.",""
"chapter_8","Narrator",575,"How long? She doesn't know. Long enough for Liz to find her.",""
"chapter_8","Narrator",577,"Sarah is alive. Amelia is standing in a corridor. These are ",""
"chapter_8","Narrator",579,"She clings to them.",""
"chapter_8","Narrator",583,"Amelia goes to the hospital.",""
"chapter_8","Narrator",585,"She sits in the waiting room. The fluorescent lights hum.",""
"chapter_8","Narrator",587,"A nurse tells her Sarah is stable. She can visit tomorrow.",""
"chapter_8","Narrator",589,"Tomorrow.",""
"chapter_8","Narrator",592,"Sarah survived. But the distance between them has never felt",""
"chapter_8","Narrator",599,"She goes.",""
"chapter_8","Narrator",601,"Sarah is in a hospital bed. She looks small. She doesn't loo",""
"chapter_8","Sarah",603,"Where were you?",""
"chapter_8","Narrator",605,"The question is a knife.",""
"chapter_8","Amelia",607,"I'm sorry. I should have—",""
"chapter_8","Sarah",609,"It doesn't matter.",""
"chapter_8","Narrator",611,"But it does.",""
"chapter_8","Narrator",616,"I wasn't there. I should have been there and I wasn't.",""
"chapter_8","Narrator",618,"She texts: i'm so sorry. i'm here when you're ready. x",""
"chapter_8","Narrator",620,"No reply. Not for a long time.",""
"chapter_8","Narrator",643,"The days after.",""
"chapter_8","Narrator",648,"Sarah is in hospital. She's stable. She's eating. She's talk",""
"chapter_8","Narrator",650,"Amelia visits. Reading material. Ginger biscuits. A drawing ",""
"chapter_8","Narrator",652,"Sarah looks at it.",""
"chapter_8","Sarah",654,"Tell him he got the wing wrong.",""
"chapter_8","Amelia",656,"Tell him yourself.",""
"chapter_8","Narrator",658,"A pause. Then a ghost of a smile.",""
"chapter_8","Sarah",660,"I will. When I'm out.",""
"chapter_8","Narrator",663,"Sarah is in hospital. The damage is real — physically, emoti",""
"chapter_8","Narrator",665,"When Amelia visits, Sarah sometimes talks and sometimes star",""
"chapter_8","Sarah",667,"I don't want your pity.",""
"chapter_8","Amelia",669,"This isn't pity.",""
"chapter_8","Sarah",671,"Then what is it?",""
"chapter_8","Amelia",673,"It's me. In a chair. With biscuits.",""
"chapter_8","Narrator",675,"A long silence.",""
"chapter_8","Sarah",677,"...What kind of biscuits?",""
"chapter_8","Narrator",679,"It's not forgiveness. It's a start.",""
"chapter_8","Narrator",682,"Sarah's parents come from Devon. Her father stands in the ho",""
"chapter_8","Narrator",684,"Amelia helps pack Sarah's room. The books. The notebooks. Th",""
"chapter_8","Narrator",686,"When the room is empty, she stands in it. The same four wall",""
"chapter_8","Narrator",688,"She survived. That's what matters. She survived.",""
"chapter_8","Narrator",690,"But the word 'survived' sounds different now. It sounds like",""
"chapter_8","Narrator",697,"The crisis is over. The living comes next.",""
"chapter_8","Narrator",705,"She goes every other day. Not because someone told her to. B",""
"chapter_8","Narrator",707,"Some visits they talk. Some visits they sit in silence and w",""
"chapter_8","Narrator",709,"One afternoon, Sarah draws in her notebook while Amelia read",""
"chapter_8","Narrator",711,"She sends letters. Actual letters — handwritten, on paper, b",""
"chapter_8","Narrator",713,"The first letter gets no reply. The second gets a text from ",""
"chapter_8","Narrator",715,"The third letter gets a reply. Sarah's handwriting. Three wo",""
"chapter_8","Narrator",722,"She texts. Once a week. Small things. A photo of the sunset ",""
"chapter_8","Narrator",724,"Sarah replies sometimes. Not always. But the thread stays al",""
"chapter_8","Narrator",726,"I can't fix this. I couldn't have fixed this. All I can do i",""
"chapter_8","Narrator",732,"She's alive. She's getting help. I can breathe.",""
"chapter_8","Narrator",734,"The relief is enormous. So enormous it swallows everything e",""
"chapter_8","Narrator",736,"She doesn't visit as often. Then not at all. Texts become le",""
"chapter_8","Narrator",738,"It's not callous. It's survival. She was so close to the fir",""
"chapter_8","Narrator",740,"But Sarah notices. And that distance becomes part of what Sa",""
"chapter_8","Narrator",751,"The days after.",""
"chapter_8","Narrator",753,"The campus continues. That's the worst part. The lectures go",""
"chapter_8","Narrator",755,"There's a memorial. Flowers outside Sarah's door. A teddy be",""
"chapter_8","Narrator",759,"The plate sits there for the entire meal. Nobody moves it.",""
"chapter_8","Narrator",763,"Amelia goes through the motions. She attends. She eats. She ",""
"chapter_8","Narrator",765,"Underneath: nothing. A numbness so complete it feels archite",""
"chapter_8","Narrator",775,"Sarah is gone. The world asks Amelia to keep going.",""
"chapter_8","Narrator",782,"She lets it in.",""
"chapter_8","Narrator",786,"She calls Ella.",""
"chapter_8","Ella",788,"Oh my god. Amelia.",""
"chapter_8","Narrator",792,"She goes to counselling. She talks. The counsellor doesn't t",""
"chapter_8","Narrator",794,"It doesn't fix it. Nothing fixes it. But the grief, shared, ",""
"chapter_8","Narrator",801,"She emails Michael.",""
"chapter_8","Narrator",803,"\""The mental health services on this campus failed my friend",""
"chapter_8","Narrator",807,"They meet. They plan. The campaign for funding becomes Ameli",""
"chapter_8","Narrator",809,"She doesn't let herself feel the grief properly. Not yet. Bu",""
"chapter_8","Narrator",816,"She closes her door.",""
"chapter_8","Narrator",818,"Texts go unanswered. Calls decline. She goes to lectures and",""
"chapter_8","Narrator",820,"Raj knocks. She says she's fine.",""
"chapter_8","Narrator",822,"Ella calls. She doesn't pick up.",""
"chapter_8","Narrator",826,"It isn't.",""
"chapter_8","Narrator",838,"Hawthorne's office. The door is open. He's sitting. Not at h",""
"chapter_8","Narrator",840,"He stands when she comes in. He doesn't usually stand.",""
"chapter_8","Prof. Hawthorne",842,"Sit down, Amelia.",""
"chapter_8","Narrator",844,"It's the first time he's used her first name.",""
"chapter_8","Prof. Hawthorne",847,"Your friend is in good hands. The hospital and the professio",""
"chapter_8","Prof. Hawthorne",849,"Grief is not a problem to be solved. It is a process to be e",""
"chapter_8","Narrator",851,"He pours two cups of Earl Grey. Hands her one.",""
"chapter_8","Prof. Hawthorne",853,"I told you about my student. The one I missed. Twenty years ",""
"chapter_8","Narrator",855,"He looks at her.",""
"chapter_8","Prof. Hawthorne",857,"The question you're asking — 'could I have done more?' — wil",""
"chapter_8","Narrator",864,"Simmons' office. She doesn't speak when Amelia comes in.",""
"chapter_8","Narrator",866,"She just opens her arms.",""
"chapter_8","Narrator",868,"Amelia walks into the hug and cries.",""
"chapter_8","Narrator",870,"They sit there for a long time. The plants grow quietly arou",""
"chapter_8","Dr. Simmons",875,"She's going to need help for a long time. And so are you. Th",""
"chapter_8","Dr. Simmons",877,"You're going to want to blame yourself. I need you to hear t",""
"chapter_8","Dr. Simmons",879,"But you are a person who cared enough to be here. That matte",""
"chapter_8","Narrator",886,"Maya takes her to the Hoe at dawn.",""
"chapter_8","Narrator",888,"They don't talk.",""
"chapter_8","Narrator",890,"They sit on the grass and watch the sun come up. Again. Like",""
"chapter_8","Narrator",892,"After twentyminutes, Maya speaks.",""
"chapter_8","Maya",895,"She found the bottom. And she's still here. And you — you we",""
"chapter_8","Maya",897,"The hero's journey includes this. The thing you can't fix. T",""
"chapter_8","Maya",899,"I can't make this better with words. But I can sit here with",""
"chapter_8","Narrator",906,"Elena takes her to the well.",""
"chapter_8","Narrator",908,"They sit beside the water. The clooties flutter.",""
"chapter_8","Elena",911,"The fire didn't ask permission. You're in it now. Breathe.",""
"chapter_8","Narrator",913,"She ties a cloth to a branch. White.",""
"chapter_8","Elena",915,"For her.",""
"chapter_8","Elena",918,"The fire doesn't ask permission. It takes what it takes.",""
"chapter_8","Narrator",920,"She ties a cloth to a branch. White.",""
"chapter_8","Elena",922,"For her. And for you.",""
"chapter_8","Narrator",924,"They sit in silence until the light changes.",""
"chapter_8","Narrator",931,"The mentor is here. Amelia can let them in. Or not.",""
"chapter_8","Amelia",946,"I don't know what to do.",""
"chapter_8","Narrator",948,"She says it. The truest thing she's said in days.",""
"chapter_8","Amelia",950,"I don't know how to study and grieve and help and be okay al",""
"chapter_8","Prof. Hawthorne",953,"You're not that person. You won't be again. That's not trage",""
"chapter_8","Dr. Simmons",956,"You don't have to do all of those things. You just have to d",""
"chapter_8","Maya",959,"You're not supposed to know. Nobody knows. We just keep show",""
"chapter_8","Elena",962,"This is the Citrinitas. The yellowing. It burns. But on the ",""
"chapter_8","Amelia",968,"What do I need to submit? What deadlines have I missed?",""
"chapter_8","Narrator",971,"Hawthorne looks at her.",""
"chapter_8","Prof. Hawthorne",973,"Your friend is in hospital and you're asking about deadlines",""
"chapter_8","Amelia",975,"I need structure. Please.",""
"chapter_8","Narrator",977,"He gives her the deadlines. He understands.",""
"chapter_8","Dr. Simmons",980,"I'll send you the extension forms. But Amelia — modules can ",""
"chapter_8","Maya",983,"Work will wait. You won't.",""
"chapter_8","Elena",986,"An gwella. The sight. You have it but you're choosing not to",""
"chapter_8","Narrator",996,"Night. Her room. The rain has started again.",""
"chapter_8","Narrator",1002,"Sarah is alive.",""
"chapter_8","Narrator",1004,"Amelia lies in bed and thinks about this. Turns it over like",""
"chapter_8","Narrator",1006,"Sarah is alive because — because of luck, or timing, or the ",""
"chapter_8","Narrator",1008,"I didn't save her. I can't save anyone. But I was there. I k",""
"chapter_8","Narrator",1011,"Sarah is gone.",""
"chapter_8","Narrator",1013,"Her room is empty. The corridor is quiet. The flat is one pe",""
"chapter_8","Narrator",1015,"Amelia lies in bed and tries to remember the sound of Sarah'",""
"chapter_8","Narrator",1017,"You couldn't have saved her. You could have been there.",""
"chapter_8","Narrator",1019,"But saving was never in your hands.",""
"chapter_8","Narrator",1021,"The rain on the window. The dark. The fire has burned.",""
"chapter_8","Narrator",1023,"Something survived.",""
"chapter_8","Centered",1032,"If anything in this chapter affected you,\nplease reach out.",""
"chapter_8","Centered",1041,"End of Chapter Eight",""
"chapter_9","Centered",23,"Chapter Nine\n\nThe Reward",""
"chapter_9","Narrator",36,"March.",""
"chapter_9","Narrator",38,"The daffodils appear overnight like small yellow flags of su",""
"chapter_9","Narrator",40,"Amelia walks to the Hoe. She's doing this now — walking, mos",""
"chapter_9","Narrator",42,"The sea is there. Still. Always.",""
"chapter_9","Narrator",44,"She stands at the railing and breathes.",""
"chapter_9","Narrator",46,"I'm still here.",""
"chapter_9","Narrator",48,"It's not a triumph. It's an observation. A fact she tests ea",""
"chapter_9","Narrator",50,"I'm still here. And today that's enough.",""
"chapter_9","Narrator",59,"The room has changed.",""
"chapter_9","Narrator",61,"Or rather, Amelia has changed the room. The desk is clear. T",""
"chapter_9","Narrator",63,"On the wall: a postcard from Ella (the Tate, blue), a photo ",""
"chapter_9","Narrator",65,"She's trying to process.",""
"chapter_9","Narrator",72,"She has to make sense of what happened. Or start to.",""
"chapter_9","Narrator",79,"She buys a new notebook. Plain, unlined. £3.50 from the camp",""
"chapter_9","Narrator",81,"She writes.",""
"chapter_9","Narrator",83,"Not about what happened — not directly. She writes about the",""
"chapter_9","Narrator",85,"She writes about her mother's voice on the phone: 'Come home",""
"chapter_9","Narrator",87,"She writes about grief. About the space between knowing some",""
"chapter_9","Narrator",89,"She doesn't read it back. She doesn't need to. The writing i",""
"chapter_9","Narrator",91,"I don't understand what happened. But I'm letting myself not",""
"chapter_9","Narrator",98,"The kitchen. Midnight. The four of them — Amelia, Raj, Liz, ",""
"chapter_9","Narrator",100,"They talk.",""
"chapter_9","Raj",104,"I keep thinking — what if I'd knocked on her door sooner? Wh",""
"chapter_9","Liz",106,"You can't think like that. You'll drive yourself mental.",""
"chapter_9","Raj",108,"I know. But I do.",""
"chapter_9","Lucas",110,"We all do.",""
"chapter_9","Narrator",114,"Liz cries. Raj holds her hand. Lucas stares at the table.",""
"chapter_9","Amelia",116,"I don't think we're supposed to have answers. I think we're ",""
"chapter_9","Narrator",118,"And they are. Here. In the kitchen. Together.",""
"chapter_9","Narrator",124,"She writes the essay. Then the next one. Then the presentati",""
"chapter_9","Narrator",126,"She sits in the library from 9am to 9pm and emerges blinking",""
"chapter_9","Narrator",128,"The work is — better, actually. It's deeper. Her analysis of",""
"chapter_9","Narrator",130,"Simmons notices.",""
"chapter_9","Dr. Simmons",132,"This is good work, Amelia. Really good.",""
"chapter_9","Narrator",134,"But she's not sleeping. Not properly. And the work is a wall",""
"chapter_9","Narrator",136,"I'll deal with it later. Right now, I need to pass.",""
"chapter_9","Narrator",145,"The flat is different.",""
"chapter_9","Narrator",149,"Sarah's room is empty but her name is on the door. She's in ",""
"chapter_9","Narrator",153,"Sarah's room has been packed up. Her parents came. They were",""
"chapter_9","Narrator",155,"Sarah's room is empty. The door is closed. Someone — Raj, pr",""
"chapter_9","Narrator",157,"Nobody goes in.",""
"chapter_9","Narrator",159,"The group has reorganised itself around the absence. Raj coo",""
"chapter_9","Narrator",166,"The group needs someone. Or needs nobody. Or needs space.",""
"chapter_9","Narrator",173,"She plans a dinner. Not a big thing — just the four of them,",""
"chapter_9","Amelia",175,"Saturday. I'm cooking. Nobody's allowed to help except Raj b",""
"chapter_9","Raj",177,"You'll definitely burn something.",""
"chapter_9","Amelia",179,"That's why you're helping.",""
"chapter_9","Narrator",183,"They eat. They talk. Not about what happened — about everyth",""
"chapter_9","Narrator",185,"Ordinary things. The most precious things in the world.",""
"chapter_9","Narrator",191,"Raj doesn't need to be asked. He cooks every evening that we",""
"chapter_9","Narrator",193,"Amelia shows up. She doesn't plan, doesn't organise. She jus",""
"chapter_9","Narrator",195,"She rests.",""
"chapter_9","Narrator",197,"I don't need to hold everything. I just need to be held.",""
"chapter_9","Narrator",202,"She eats in her room. Not every night — but more than before",""
"chapter_9","Narrator",204,"She needs the quiet. The flat is too full of... everything. ",""
"chapter_9","Narrator",206,"She misses a few dinners. Then a few more.",""
"chapter_9","Narrator",208,"Raj texts: \""you ok? x\""",""
"chapter_9","Narrator",210,"She replies: \""fine. just need some time. x\""",""
"chapter_9","Narrator",212,"He doesn't push. He leaves a bowl of daal outside her door i",""
"chapter_9","Narrator",225,"She visits Sarah.",""
"chapter_9","Narrator",227,"The hospital room has changed — more cards now, a stack of b",""
"chapter_9","Sarah",229,"The therapist wants me to keep a journal.",""
"chapter_9","Amelia",231,"Is it helping?",""
"chapter_9","Sarah",233,"I don't know. I keep writing the same things. 'Today I ate b",""
"chapter_9","Narrator",235,"The honesty of it.",""
"chapter_9","Sarah",237,"Sorry. That's a lot.",""
"chapter_9","Amelia",239,"It's not a lot. It's everything.",""
"chapter_9","Narrator",241,"They sit. Sarah draws in her notebook — small things, birds,",""
"chapter_9","Sarah",243,"The doctor says I might be able to come back next year. Part",""
"chapter_9","Amelia",245,"That's brilliant.",""
"chapter_9","Sarah",247,"It's terrifying.",""
"chapter_9","Amelia",249,"Both things can be true.",""
"chapter_9","Narrator",251,"Sarah looks at her. Something shifts.",""
"chapter_9","Sarah",253,"You sound like someone's mentor.",""
"chapter_9","Amelia",255,"God, please don't tell them that.",""
"chapter_9","Narrator",257,"A quiet laugh. Real.",""
"chapter_9","Narrator",264,"The hospital.",""
"chapter_9","Narrator",266,"Sarah is — better. If 'better' means alive, eating, speaking",""
"chapter_9","Sarah",268,"Don't look at me like that.",""
"chapter_9","Amelia",270,"Like what?",""
"chapter_9","Sarah",272,"Like I'm made of glass.",""
"chapter_9","Amelia",274,"I don't think you're made of glass. I think you're made of s",""
"chapter_9","Narrator",276,"The ghost of something. Not a smile. The space where a smile",""
"chapter_9","Sarah",278,"They want me to stay another week.",""
"chapter_9","Amelia",280,"Good.",""
"chapter_9","Sarah",282,"I hate it here.",""
"chapter_9","Amelia",284,"I know.",""
"chapter_9","Sarah",286,"The food is terrible.",""
"chapter_9","Amelia",288,"I brought biscuits.",""
"chapter_9","Sarah",290,"...You're annoyingly persistent.",""
"chapter_9","Amelia",292,"I know.",""
"chapter_9","Narrator",299,"She writes to Sarah. An actual letter, on paper.",""
"chapter_9","Narrator",301,"Dear Sarah,\nI don't know if you want to hear from me. I wou",""
"chapter_9","Narrator",303,"I'm not writing to make myself feel better. I'm writing beca",""
"chapter_9","Narrator",305,"If you want to write back, I'd like that. If you don't, I un",""
"chapter_9","Narrator",307,"Amelia x",""
"chapter_9","Narrator",309,"She posts it. First class. Then waits.",""
"chapter_9","Narrator",311,"Three weeks later, a text:",""
"chapter_9","Narrator",313,"sarah: i got your letter. thank you. i'm not ready to talk. ",""
"chapter_9","Narrator",315,"It's not enough. It's something.",""
"chapter_9","Narrator",322,"The memorial bench arrives mid-March.",""
"chapter_9","Narrator",326,"The group goes together. Not a ceremony — just the five of t",""
"chapter_9","Narrator",328,"Raj reads a poem. He doesn't say who wrote it. Amelia suspec",""
"chapter_9","Narrator",330,"Liz puts down a bunch of wildflowers — scrappy ones, from th",""
"chapter_9","Narrator",334,"He's right. She would have.",""
"chapter_9","Narrator",336,"They stand there until the rain gets worse, and then they go",""
"chapter_9","Narrator",338,"The bench stays. Rain or shine. Someone always puts fresh fl",""
"chapter_9","Narrator",347,"The library.",""
"chapter_9","Narrator",349,"She hasn't been back properly since — since everything. The ",""
"chapter_9","Narrator",351,"She opens her laptop. The essay is on developmental psycholo",""
"chapter_9","Narrator",353,"She starts writing.",""
"chapter_9","Narrator",355,"And — something is different.",""
"chapter_9","Narrator",364,"The essay. She could write something safe, or something hone",""
"chapter_9","Narrator",371,"She writes about attachment theory and she leaves herself in",""
"chapter_9","Narrator",373,"Not autobiography — she's too careful for that. But the exam",""
"chapter_9","Narrator",375,"She submits it at 11:47pm. Thirteen minutes before the deadl",""
"chapter_9","Narrator",377,"She gets 74%%.",""
"chapter_9","Narrator",379,"It's the best mark she's ever received.",""
"chapter_9","Narrator",385,"She writes a solid, competent essay. Well-structured. Proper",""
"chapter_9","Narrator",387,"She gets 66%%.",""
"chapter_9","Narrator",389,"It's fine. It passes. She can move on.",""
"chapter_9","Narrator",395,"She borrows Sophia's notes. She paraphrases heavily. She sub",""
"chapter_9","Narrator",397,"She gets 58%%.",""
"chapter_9","Narrator",399,"She knows. She doesn't need anyone to tell her. She knows.",""
"chapter_9","Narrator",401,"Sarah almost died and I'm taking shortcuts on Bowlby essays.",""
"chapter_9","Narrator",403,"The knowledge sits in her like a splinter.",""
"chapter_9","Narrator",412,"March break.",""
"chapter_9","Narrator",414,"The mentor arranges a Cornwall trip. Not a test this time — ",""
"chapter_9","Narrator",420,"Hawthorne drives. He puts Classic FM on and doesn't apologis",""
"chapter_9","Prof. Hawthorne",422,"The Cornish landscapes have been healing people longer than ",""
"chapter_9","Narrator",425,"Simmons takes the train and brings sandwiches.",""
"chapter_9","Dr. Simmons",427,"The Eden Project has a new installation on resilience in pla",""
"chapter_9","Narrator",430,"Maya drives her van. The dashboard is covered in crystals an",""
"chapter_9","Maya",432,"We're not going somewhere specific. We're going where the ro",""
"chapter_9","Narrator",435,"Elena meets her at the station. She's wearing the same green",""
"chapter_9","Elena",437,"Dydh da. You look like someone who's been through the fire.",""
"chapter_9","Amelia",439,"I have.",""
"chapter_9","Elena",441,"Good. Let's walk.",""
"chapter_9","Narrator",448,"Cornwall. The coast. The light. The wind.",""
"chapter_9","Narrator",458,"Hawthorne takes her to Botallack.",""
"chapter_9","Narrator",460,"The tin mines perch on the cliff edge like something from a ",""
"chapter_9","Prof. Hawthorne",462,"Two hundred years ago, miners worked under the seabed itself",""
"chapter_9","Amelia",464,"That's terrifying.",""
"chapter_9","Prof. Hawthorne",466,"Yes. And they went down every day.",""
"chapter_9","Narrator",468,"She stands at the edge and looks out. The sea is enormous. S",""
"chapter_9","Narrator",474,"The Eden Project. The biomes gleam.",""
"chapter_9","Narrator",476,"Inside the Rainforest Biome, the humidity hits her like a wa",""
"chapter_9","Dr. Simmons",478,"Look at this.",""
"chapter_9","Narrator",480,"A sign: This area was a quarry. Nothing grew here. Now: ever",""
"chapter_9","Dr. Simmons",482,"Restoration. It's not about going back. It's about what can ",""
"chapter_9","Narrator",485,"They end up at Kynance Cove.",""
"chapter_9","Narrator",487,"The serpentine rock is green and red and strange. The sea is",""
"chapter_9","Maya",489,"Every time I come here, I see something different. That's th",""
"chapter_9","Narrator",492,"Elena takes her to the Cheesewring.",""
"chapter_9","Narrator",494,"A stack of granite slabs, balanced impossibly. Natural forma",""
"chapter_9","Elena",496,"Like you. Still standing. Against all probability.",""
"chapter_9","Narrator",503,"They return to Bodmin Moor. The tor where they sat in Octobe",""
"chapter_9","Narrator",505,"The same rocks. The same sky. But everything looks different",""
"chapter_9","Prof. Hawthorne",507,"Same place. Different you.",""
"chapter_9","Amelia",509,"Is that the lesson?",""
"chapter_9","Prof. Hawthorne",511,"That's the only lesson.",""
"chapter_9","Narrator",514,"They return to the Eden Project. The spot by the Mediterrane",""
"chapter_9","Dr. Simmons",516,"Last time you stood here, you didn't believe that broken thi",""
"chapter_9","Amelia",518,"I still don't. Not completely.",""
"chapter_9","Dr. Simmons",520,"That's honest. Honest is a start.",""
"chapter_9","Narrator",523,"They return to Tintagel.",""
"chapter_9","Narrator",525,"The same cliff path. The same Atlantic wind.",""
"chapter_9","Narrator",527,"But Maya doesn't tell the Arthur stories this time. She does",""
"chapter_9","Maya",529,"Just walk. Just be here.",""
"chapter_9","Narrator",531,"And Amelia is. Here. Fully.",""
"chapter_9","Narrator",534,"Elena takes her back to the Merry Maidens.",""
"chapter_9","Narrator",536,"The stone circle in the field. The same stones. The same qui",""
"chapter_9","Elena",538,"You came here before as a student. You come here now as some",""
"chapter_9","Amelia",540,"What?",""
"chapter_9","Elena",542,"That's not for me to tell you.",""
"chapter_9","Narrator",547,"She declines the trip.",""
"chapter_9","Narrator",549,"She's not ready. The landscape is too big, too open. She nee",""
"chapter_9","Narrator",551,"The mentor understands.",""
"chapter_9","Prof. Hawthorne",554,"The moors aren't going anywhere. Neither are you.",""
"chapter_9","Dr. Simmons",556,"Self-knowledge includes knowing what you're not ready for.",""
"chapter_9","Maya",558,"Sometimes the bravest thing is staying still.",""
"chapter_9","Elena",560,"The land will wait.",""
"chapter_9","Narrator",570,"The conversation happens by phone.",""
"chapter_9","Narrator",572,"On the drive back — or the walk, or the train — the mentor s",""
"chapter_9","Narrator",575,"Hawthorne is quiet for a long time. Classic FM fills the sil",""
"chapter_9","Prof. Hawthorne",577,"You've changed this year. I don't say that lightly. Most of ",""
"chapter_9","Narrator",579,"A pause.",""
"chapter_9","Prof. Hawthorne",581,"You see things now. People. Pain. Patterns. It will make you",""
"chapter_9","Dr. Simmons",584,"Do you remember the first time you came to my office? You sa",""
"chapter_9","Amelia",586,"I probably was.",""
"chapter_9","Dr. Simmons",588,"You're not on the edge anymore. You're in the room.",""
"chapter_9","Narrator",590,"She smiles.",""
"chapter_9","Dr. Simmons",592,"I'm proud of you. As your tutor and as someone who cares. Yo",""
"chapter_9","Maya",595,"You're different.",""
"chapter_9","Amelia",597,"Everyone keeps saying that.",""
"chapter_9","Maya",599,"Because it's true. The question is whether you know it yet.",""
"chapter_9","Narrator",601,"A long silence.",""
"chapter_9","Maya",603,"You came here uncertain of everything. You're still uncertai",""
"chapter_9","Elena",606,"The Citrinitas is ending. The fire has done its work.",""
"chapter_9","Amelia",608,"I don't feel golden.",""
"chapter_9","Elena",610,"The gold doesn't feel golden either. Not at first. It just f",""
"chapter_9","Narrator",612,"She looks at Amelia.",""
"chapter_9","Elena",614,"You've been through the worst of it. What comes next is the ",""
"chapter_9","Elena",616,"Meur ras. Thank you. For staying in the fire.",""
"chapter_9","Narrator",623,"The mentor sees her clearly. Perhaps for the first time.",""
"chapter_9","Amelia",637,"Thank you.",""
"chapter_9","Narrator",639,"She says it simply. No deflection. No 'oh, it's nothing.' Ju",""
"chapter_9","Amelia",641,"Thank you. That means more than you know.",""
"chapter_9","Narrator",643,"I've been trying so hard to become something. And someone no",""
"chapter_9","Amelia",649,"I just did what anyone would do.",""
"chapter_9","Prof. Hawthorne",652,"That's demonstrably untrue and you know it.",""
"chapter_9","Dr. Simmons",654,"Not anyone. You. That matters.",""
"chapter_9","Maya",656,"Not anyone. Most people don't show up at 2am.",""
"chapter_9","Elena",658,"You say 'anyone.' The fire knows your name.",""
"chapter_9","Narrator",660,"She doesn't push back. But she holds the words.",""
"chapter_9","Narrator",670,"Her room. Evening. March light — the specific gold that come",""
"chapter_9","Narrator",672,"She's sitting at her desk. The jade plant is growing. The po",""
"chapter_9","Narrator",674,"Her phone buzzes. A text from Raj:",""
"chapter_9","Narrator",676,"raj: flat dinner. i'm making the thing. be there or be squar",""
"chapter_9","Narrator",678,"liz: square doesn't even make sense raj",""
"chapter_9","Narrator",680,"lucas: be there.",""
"chapter_9","Narrator",682,"She smiles.",""
"chapter_9","Narrator",684,"She opens her notebook — the one from September, the first o",""
"chapter_9","Narrator",686,"March 14th.",""
"chapter_9","Narrator",688,"Things I know:\n1. I am not who I was.\n2. That's not the sa",""
"chapter_9","Narrator",690,"Gold. Just a little. Just enough.",""
"chapter_9","Centered",700,"End of Chapter Nine",""
