file_name,label,character,location,style,description,detailed_description
7_continues.rpy,show amelia_dorm_morning,Amelia (18, fair skin, long brown hair, blue eyes, wearing casual clothes),Dorm room (study desk, bed, personal items),Semi-realistic,"An 18-year-old girl named Amelia waking up in her dorm room. Amelia has fair skin, long brown hair, and blue eyes. She is wearing casual clothes. The dorm room has a study desk, a bed, and personal items. Semi-realistic art style.","A [character age]-year-old [character description] waking up in her dorm room. The dorm room has [environment details]. [Artstyle] art style."
7_continues.rpy,show amelia_library_morning,Amelia (18, fair skin, long brown hair, blue eyes, wearing casual clothes),Library (bookshelves, study tables, quiet atmosphere),Semi-realistic,"An 18-year-old girl named Amelia in the library in the morning. Amelia has fair skin, long brown hair, and blue eyes. She is wearing casual clothes. The library has bookshelves, study tables, and a quiet atmosphere. Semi-realistic art style.","A [character age]-year-old [character description] in the library in the morning. The library has [environment details]. [Artstyle] art style."
7_continues.rpy,show amelia_studying_hard,Amelia (18, fair skin, long brown hair, blue eyes, looking focused, wearing casual clothes),Library (bookshelves, study tables, quiet atmosphere),Semi-realistic,"An 18-year-old girl named Amelia studying hard in the library. Amelia has fair skin, long brown hair, and blue eyes. She is wearing casual clothes and looks focused. The library has bookshelves, study tables, and a quiet atmosphere. Semi-realistic art style.","A [character age]-year-old [character description] studying hard in the library. The library has [environment details]. [Artstyle] art style."
7_continues.rpy,show amelia_library_studying_hard,Amelia (18, fair skin, long brown hair, blue eyes, looking focused, wearing casual clothes),Library (bookshelves, study tables, quiet atmosphere),Semi-realistic,"An 18-year-old girl named Amelia surrounded by books and notes, studying hard in the library. Amelia has fair skin, long brown hair, and blue eyes. She is wearing casual clothes and looks focused. The library has bookshelves, study tables, and a quiet atmosphere. Semi-realistic art style.","A [character age]-year-old [character description] surrounded by books and notes, studying hard in the library. The library has [environment details]. [Artstyle] art style."
7_continues.rpy,show sophia_approaches,Sophia (18, fair skin, short blonde hair, green eyes, wearing casual clothes),Library (bookshelves, study tables, quiet atmosphere),Semi-realistic,"An 18-year-old girl named Sophia approaching Amelia in the library. Sophia has fair skin, short blonde hair, and green eyes. She is wearing casual clothes. The library has bookshelves, study tables, and a quiet atmosphere. Semi-realistic art style.","A [character age]-year-old [character description] approaching Amelia in the library. The library has [environment details]. [Artstyle] art style."
7_continues.rpy,show amelia_smiling_sophia,Amelia and Sophia (18, fair skin, long brown hair/fair skin, short blonde hair, blue eyes/green eyes, wearing casual clothes),Library (bookshelves, study tables, quiet atmosphere),Semi-realistic,"An 18-year-old girl named Amelia smiling at Sophia in the library. Amelia has fair skin, long brown hair, and blue eyes. Sophia has fair skin, short blonde hair, and green eyes. They are wearing casual clothes. The library has bookshelves, study tables, and a quiet atmosphere. Semi-realistic art style.","A [character age]-year-old [character descriptions] smiling at each other in the library. The library has [environment details]. [Artstyle] art style."
7_continues.rpy,show sophia_sitting,Sophia (18, fair skin, short blonde hair, green eyes, wearing casual clothes, sitting),Library (bookshelves, study tables, quiet atmosphere),Semi-realistic,"An 18-year-old girl named Sophia sitting in the library. Sophia has fair skin, short blonde hair, and green eyes. She is wearing casual clothes. The library has bookshelves, study tables, and a quiet atmosphere. Semi-realistic art style.","A [character age]-year-old [character description] sitting in the library. The library has [environment details]. [Artstyle] art style."
7_continues.rpy,show amelia_thinking,Amelia (18, fair skin, long brown hair, blue eyes, looking thoughtful, wearing casual clothes),Library (bookshelves, study tables, quiet atmosphere),Semi-realistic,"An 18-year-old girl named Amelia looking thoughtful in the library. Amelia has fair skin, long brown hair, and blue eyes. She is wearing casual clothes. The library has bookshelves, study tables, and a quiet atmosphere. Semi-realistic art style.","A [character age]-year-old [character description] looking thoughtful in the library. The library has [environment details]. [Artstyle] art style."
7_continues.rpy,show sophia_nodding,Sophia (18, fair skin, short blonde hair, green eyes, nodding, wearing casual clothes),Library (bookshelves, study tables, quiet atmosphere),Semi-realistic,"An 18-year-old girl named Sophia nodding in the library. Sophia has fair skin, short blonde hair, and green eyes. She is wearing casual clothes. The library has bookshelves, study tables, and a quiet atmosphere. Semi-realistic art style.","A [character age]-year-old [character description] nodding in the library. The library has [environment details]. [Artstyle] art style."
7_continues.rpy,show amelia_and_sophia_discussing,Amelia and Sophia (18, fair skin, long brown hair/fair skin, short blonde hair, blue eyes/green eyes, wearing casual clothes, discussing),Library (bookshelves, study tables, quiet atmosphere),Semi-realistic,"An 18-year-old girl named Amelia and an 18-year-old girl named Sophia discussing in the library. Amelia has fair skin, long brown hair, and blue eyes. Sophia has fair skin, short blonde hair, and green eyes. They are wearing casual clothes. The library has bookshelves, study tables, and a quiet atmosphere. Semi-realistic art style.","A [character age]-year-old [character descriptions] discussing in the library. The library has [environment details]. [Artstyle] art style."
7_continues.rpy,show amelia_and_sophia_smiling,Amelia and Sophia (18, fair skin, long brown hair/fair skin, short blonde hair, blue eyes/green eyes, smiling, wearing casual clothes),Library (bookshelves, study tables, quiet atmosphere),Semi-realistic,"An 18-year-old girl named Amelia and an 18-year-old girl named Sophia smiling in the library. Amelia has fair skin, long brown hair, and blue eyes. Sophia has fair skin, short blonde hair, and green eyes. They are wearing casual clothes. The library has bookshelves, study tables, and a quiet atmosphere. Semi-realistic art style.","A [character age]-year-old [character descriptions] smiling in the library. The library has [environment details]. [Artstyle] art style."
7_continues.rpy,show amelia_happy,Amelia (18, fair skin, long brown hair, blue eyes, looking happy, wearing casual clothes),Library (bookshelves, study tables, quiet atmosphere),Semi-realistic,"An 18-year-old girl named Amelia looking happy in the library. Amelia has fair skin, long brown hair, and blue eyes. She is wearing casual clothes. The library has bookshelves, study tables, and a quiet atmosphere. Semi-realistic art style.","A [character age]-year-old [character description] looking happy in the library. The library has [environment details]. [Artstyle] art style."
7_continues.rpy,show sophia_smiling,Sophia (18, fair skin, short blonde hair, green eyes, smiling, wearing casual clothes),Library (bookshelves, study tables, quiet atmosphere),Semi-realistic,"An 18-year-old girl named Sophia smiling in the library. Sophia has fair skin, short blonde hair, and green eyes. She is wearing casual clothes. The library has bookshelves, study tables, and a quiet atmosphere. Semi-realistic art style.","A [character age]-year-old [character description] smiling in the library. The library has [environment details]. [Artstyle] art style."
7_continues.rpy,show amelia_sharing_notes,Amelia and Sophia (18, fair skin, long brown hair/fair skin, short blonde hair, blue eyes/green eyes, sharing notes, wearing casual clothes),Library (bookshelves, study tables, quiet atmosphere),Semi-realistic,"An 18-year-old girl named Amelia sharing notes with an 18-year-old girl named Sophia in the library. Amelia has fair skin, long brown hair, and blue eyes. Sophia has fair skin, short blonde hair, and green eyes. They are wearing casual clothes. The library has bookshelves, study tables, and a quiet atmosphere. Semi-realistic art style.","A [character age]-year-old [character descriptions] sharing notes in the library. The library has [environment details]. [Artstyle] art style."
7_continues.rpy,show amelia_and_sophia_studying,Amelia and Sophia (18, fair skin, long brown hair/fair skin, short blonde hair, blue eyes/green eyes, studying together, wearing casual clothes),Library (bookshelves, study tables, quiet atmosphere),Semi-realistic,"An 18-year-old girl named Amelia and an 18-year-old girl named Sophia studying together in the library. Amelia has fair skin, long brown hair, and blue eyes. Sophia has fair skin, short blonde hair, and green eyes. They are wearing casual clothes. The library has bookshelves, study tables, and a quiet atmosphere. Semi-realistic art style.","A [character age]-year-old [character descriptions] studying together in the library. The library has [environment details]. [Artstyle] art style."
7_continues.rpy,show amelia_thoughtful,Amelia (18, fair skin, long brown hair, blue eyes, looking thoughtful, wearing casual clothes),Library (bookshelves, study tables, quiet atmosphere),Semi-realistic,"An 18-year-old girl named Amelia looking thoughtful in the library. Amelia has fair skin, long brown hair, and blue eyes. She is wearing casual clothes. The library has bookshelves, study tables, and a quiet atmosphere. Semi-realistic art style.","A [character age]-year-old [character description] looking thoughtful in the library. The library has [environment details]. [Artstyle] art style."
7_continues.rpy,show sophia_understanding,Sophia (18, fair skin, short blonde hair, green eyes, looking understanding, wearing casual clothes),Library (bookshelves, study tables, quiet atmosphere),Semi-realistic,"An 18-year-old girl named Sophia looking understanding in the library. Sophia has fair skin, short blonde hair, and green eyes. She is wearing casual clothes. The library has bookshelves, study tables, and a quiet atmosphere. Semi-realistic art style.","A [character age]-year-old [character description] looking understanding in the library. The library has [environment details]. [Artstyle] art style."
7_continues.rpy,show amelia_library_late,Amelia (18, fair skin, long brown hair, blue eyes, looking relieved, wearing casual clothes),Library (bookshelves, study tables, quiet atmosphere, evening lighting),Semi-realistic,"An 18-year-old girl named Amelia in the library late at night, looking relieved. Amelia has fair skin, long brown hair, and blue eyes. She is wearing casual clothes. The library has bookshelves, study tables, and a quiet atmosphere with evening lighting. Semi-realistic art style.","A [character age]-year-old [character description] in the library late at night, looking relieved. The library has [environment details]. [Artstyle] art style."
7_continues.rpy,show amelia_lecture_hall,Amelia (18, fair skin, long brown hair, blue eyes, wearing casual clothes),Lecture hall (rows of seats, whiteboard, projector),Semi-realistic,"An 18-year-old girl named Amelia attending a lecture in a lecture hall. Amelia has fair skin, long brown hair, and blue eyes. She is wearing casual clothes. The lecture hall has rows of seats, a whiteboard, and a projector. Semi-realistic art style.","A [character age]-year-old [character description] attending a lecture in a lecture hall. The lecture hall has [environment details]. [Artstyle] art style."
7_continues.rpy,show professor_lecturing,Professor (middle-aged, gray hair, glasses, wearing a suit),Lecture hall (rows of seats, whiteboard, projector),Semi-realistic,"A middle-aged professor with gray hair and glasses lecturing in a lecture hall. The professor is wearing a suit. The lecture hall has rows of seats, a whiteboard, and a projector. Semi-realistic art style.","A [character age]-year-old [character description] lecturing in a lecture hall. The lecture hall has [environment details]. [Artstyle] art style."
7_continues.rpy,show amelia_taking_notes,Amelia (18, fair skin, long brown hair, blue eyes, looking focused, wearing casual clothes, taking notes),Lecture hall (rows of seats, whiteboard, projector),Semi-realistic,"An 18-year-old girl named Amelia taking notes in a lecture hall. Amelia has fair skin, long brown hair, and blue eyes. She is wearing casual clothes and looks focused. The lecture hall has rows of seats, a whiteboard, and a projector. Semi-realistic art style.","A [character age]-year-old [character description] taking notes in a lecture hall. The lecture hall has [environment details]. [Artstyle] art style."
7_continues.rpy,show amelia_raising_hand,Amelia (18, fair skin, long brown hair, blue eyes, raising hand, wearing casual clothes),Lecture hall (rows of seats, whiteboard, projector),Semi-realistic,"An 18-year-old girl named Amelia raising her hand in a lecture hall. Amelia has fair skin, long brown hair, and blue eyes. She is wearing casual clothes. The lecture hall has rows of seats, a whiteboard, and a projector. Semi-realistic art style.","A [character age]-year-old [character description] raising her hand in a lecture hall. The lecture hall has [environment details]. [Artstyle] art style."
7_continues.rpy,show professor_answering,Professor (middle-aged, gray hair, glasses, wearing a suit),Lecture hall (rows of seats, whiteboard, projector),Semi-realistic,"A middle-aged professor with gray hair and glasses answering a question in a lecture hall. The professor is wearing a suit. The lecture hall has rows of seats, a whiteboard, and a projector. Semi-realistic art style.","A [character age]-year-old [character description] answering a question in a lecture hall. The lecture hall has [environment details]. [Artstyle] art style."
7_continues.rpy,show amelia_listening,Amelia (18, fair skin, long brown hair, blue eyes, looking attentive, wearing casual clothes),Lecture hall (rows of seats, whiteboard, projector),Semi-realistic,"An 18-year-old girl named Amelia listening attentively in a lecture hall. Amelia has fair skin, long brown hair, and blue eyes. She is wearing casual clothes. The lecture hall has rows of seats, a whiteboard, and a projector. Semi-realistic art style.","A [character age]-year-old [character description] listening attentively in a lecture hall. The lecture hall has [environment details]. [Artstyle] art style."
7_continues.rpy,show amelia_talking_classmates,Amelia and classmates (18, fair skin, long brown hair/various, blue eyes/various, wearing casual clothes, talking),Lecture hall (rows of seats, whiteboard, projector),Semi-realistic,"An 18-year-old girl named Amelia talking with classmates after a lecture in a lecture hall. Amelia has fair skin, long brown hair, and blue eyes. She is wearing casual clothes. The lecture hall has rows of seats, a whiteboard, and a projector. Semi-realistic art style.","A [character age]-year-old [character descriptions] talking with classmates after a lecture in a lecture hall. The lecture hall has [environment details]. [Artstyle] art style."
7_continues.rpy,show classmate_1,Classmate 1 (18, medium skin, curly black hair, brown eyes, wearing casual clothes),Lecture hall (rows of seats, whiteboard, projector),Semi-realistic,"An 18-year-old classmate with medium skin, curly black hair, and brown eyes talking in a lecture hall. The classmate is wearing casual clothes. The lecture hall has rows of seats, a whiteboard, and a projector. Semi-realistic art style.","A [character age]-year-old [character description] talking in a lecture hall. The lecture hall has [environment details]. [Artstyle] art style."
7_continues.rpy,show classmate_2,Classmate 2 (18, light skin, long red hair, green eyes, wearing casual clothes),Lecture hall (rows of seats, whiteboard, projector),Semi-realistic,"An 18-year-old classmate with light skin, long red hair, and green eyes talking in a lecture hall. The classmate is wearing casual clothes. The lecture hall has rows of seats, a whiteboard, and a projector. Semi-realistic art style.","A [character age]-year-old [character description] talking in a lecture hall. The lecture hall has [environment details]. [Artstyle] art style."
7_continues.rpy,show amelia_sharing_ideas,Amelia and classmates (18, fair skin, long brown hair/various, blue eyes/various, wearing casual clothes, sharing ideas),Lecture hall (rows of seats, whiteboard, projector),Semi-realistic,"An 18-year-old girl named Amelia sharing ideas with classmates after a lecture in a lecture hall. Amelia has fair skin, long brown hair, and blue eyes. She is wearing casual clothes. The lecture hall has rows of seats, a whiteboard, and a projector. Semi-realistic art style.","A [character age]-year-old [character descriptions] sharing ideas with classmates after a lecture in a lecture hall. The lecture hall has [environment details]. [Artstyle] art style."
7_continues.rpy,show amelia_and_sophia_studying,Amelia and Sophia (18, fair skin, long brown hair/fair skin, short blonde hair, blue eyes/green eyes, studying together, wearing casual clothes),Library (bookshelves, study tables, quiet atmosphere),Semi-realistic,"An 18-year-old girl named Amelia and an 18-year-old girl named Sophia studying together in the library. Amelia has fair skin, long brown hair, and blue eyes. Sophia has fair skin, short blonde hair, and green eyes. They are wearing casual clothes. The library has bookshelves, study tables, and a quiet atmosphere. Semi-realistic art style.","A [character age]-year-old [character descriptions] studying together in the library. The library has [environment details]. [Artstyle] art style."
7_continues.rpy,show sophia_smiling,Amelia and Sophia (18, fair skin, long brown hair/fair skin, short blonde hair, blue eyes/green eyes, wearing casual clothes, studying together, smiling),Library (bookshelves, study tables, quiet atmosphere),Semi-realistic,"An 18-year-old girl named Amelia and an 18-year-old girl named Sophia smiling while studying together in the library. Amelia has fair skin, long brown hair, and blue eyes. Sophia has fair skin, short blonde hair, and green eyes. They are wearing casual clothes. The library has bookshelves, study tables, and a quiet atmosphere. Semi-realistic art style.","A [character age]-year-old [character descriptions] smiling while studying together in the library. The library has [environment details]. [Artstyle] art style."
7_continues.rpy,show amelia_and_sophia_deep_discussion,Amelia and Sophia (18, fair skin, long brown hair/fair skin, short blonde hair, blue eyes/green eyes, discussing intensely, wearing casual clothes),Library (bookshelves, study tables, quiet atmosphere),Semi-realistic,"An 18-year-old girl named Amelia and an 18-year-old girl named Sophia in a deep discussion while studying together in the library. Amelia has fair skin, long brown hair, and blue eyes. Sophia has fair skin, short blonde hair, and green eyes. They are wearing casual clothes. The library has bookshelves, study tables, and a quiet atmosphere. Semi-realistic art style.","A [character age]-year-old [character descriptions] in a deep discussion while studying together in the library. The library has [environment details]. [Artstyle] art style."
7_continues.rpy,show sophia_thinking,Sophia (18, fair skin, short blonde hair, green eyes, looking thoughtful, wearing casual clothes),Library (bookshelves, study tables, quiet atmosphere),Semi-realistic,"An 18-year-old girl named Sophia looking thoughtful in the library. Sophia has fair skin, short blonde hair, and green eyes. She is wearing casual clothes. The library has bookshelves, study tables, and a quiet atmosphere. Semi-realistic art style.","A [character age]-year-old [character description] looking thoughtful in the library. The library has [environment details]. [Artstyle] art style."
7_continues.rpy,show amelia_and_sophia_smiling,Amelia and Sophia (18, fair skin, long brown hair/fair skin, short blonde hair, blue eyes/green eyes, smiling, wearing casual clothes),Library (bookshelves, study tables, quiet atmosphere),Semi-realistic,"An 18-year-old girl named Amelia and an 18-year-old girl named Sophia smiling while studying together in the library. Amelia has fair skin, long brown hair, and blue eyes. Sophia has fair skin, short blonde hair, and green eyes. They are wearing casual clothes. The library has bookshelves, study tables, and a quiet atmosphere. Semi-realistic art style.","A [character age]-year-old [character descriptions] smiling while studying together in the library. The library has [environment details]. [Artstyle] art style."
7_continues.rpy,show amelia_and_sophia_reviewing_notes,Amelia and Sophia (18, fair skin, long brown hair/fair skin, short blonde hair, blue eyes/green eyes, reviewing notes, wearing casual clothes),Library (bookshelves, study tables, quiet atmosphere),Semi-realistic,"An 18-year-old girl named Amelia and an 18-year-old girl named Sophia reviewing notes together in the library. Amelia has fair skin, long brown hair, and blue eyes. Sophia has fair skin, short blonde hair, and green eyes. They are wearing casual clothes. The library has bookshelves, study tables, and a quiet atmosphere. Semi-realistic art style.","A [character age]-year-old [character descriptions] reviewing notes together in the library. The library has [environment details]. [Artstyle] art style."
7_continues.rpy,show amelia_and_sophia_studying,Amelia and Sophia (18, fair skin, long brown hair/fair skin, short blonde hair, blue eyes/green eyes, studying together, wearing casual clothes),Library (bookshelves, study tables, quiet atmosphere),Semi-realistic,"An 18-year-old girl named Amelia and an 18-year-old girl named Sophia studying together in the library. Amelia has fair skin, long brown hair, and blue eyes. Sophia has fair skin, short blonde hair, and green eyes. They are wearing casual clothes. The library has bookshelves, study tables, and a quiet atmosphere. Semi-realistic art style.","A [character age]-year-old [character descriptions] studying together in the library. The library has [environment details]. [Artstyle] art style."
7_continues.rpy,show amelia_cafe_with_friends,Amelia, Lucas, Zara, and Raj (18, fair skin, long brown hair/light brown skin, curly black hair/light skin, long red hair/medium skin, short brown hair, blue eyes/brown eyes/green eyes/brown eyes, wearing casual clothes),Cafe (tables, chairs, casual atmosphere),Semi-realistic,"Amelia, Lucas, Zara, and Raj meeting in a campus cafe. Amelia has fair skin, long brown hair, and blue eyes. Lucas has light brown skin, curly black hair, and brown eyes. Zara has light skin, long red hair, and green eyes. Raj has medium skin, short brown hair, and brown eyes. They are wearing casual clothes. The cafe has tables, chairs, and a casual atmosphere. Semi-realistic art style.","A [character age]-year-old [character descriptions] meeting in a campus cafe. The cafe has [environment details]. [Artstyle] art style."
7_continues.rpy,show lucas_smiling,Lucas (19, light brown skin, curly black hair, brown eyes, smiling, wearing casual clothes),Cafe (tables, chairs, casual atmosphere),Semi-realistic,"A 19-year-old boy named Lucas smiling in a campus cafe. Lucas has light brown skin, curly black hair, and brown eyes. He is wearing casual clothes. The cafe has tables, chairs, and a casual atmosphere. Semi-realistic art style.","A [character age]-year-old [character description] smiling in a campus cafe. The cafe has [environment details]. [Artstyle] art style."
7_continues.rpy,show lucas_talking,Lucas (19, light brown skin, curly black hair, brown eyes, looking serious, wearing casual clothes),Cafe (tables, chairs, casual atmosphere),Semi-realistic,"A 19-year-old boy named Lucas talking in a campus cafe. Lucas has light brown skin, curly black hair, and brown eyes. He is wearing casual clothes. The cafe has tables, chairs, and a casual atmosphere. Semi-realistic art style.","A [character age]-year-old [character description] talking in a campus cafe. The cafe has [environment details]. [Artstyle] art style."
7_continues.rpy,show amelia_listening_lucas,Amelia and Lucas (18, fair skin, long brown hair/light brown skin, curly black hair, blue eyes/brown eyes, wearing casual clothes, listening),Cafe (tables, chairs, casual atmosphere),Semi-realistic,"An 18-year-old girl named Amelia and a 19-year-old boy named Lucas listening in a campus cafe. Amelia has fair skin, long brown hair, and blue eyes. Lucas has light brown skin, curly black hair, and brown eyes. They are wearing casual clothes. The cafe has tables, chairs, and a casual atmosphere. Semi-realistic art style.","A [character age]-year-old [character descriptions] listening in a campus cafe. The cafe has [environment details]. [Artstyle] art style."
7_continues.rpy,show amelia_comforting_lucas,Amelia and Lucas (18, fair skin, long brown hair/light brown skin, curly black hair, blue eyes/brown eyes, wearing casual clothes, comforting),Cafe (tables, chairs, casual atmosphere),Semi-realistic,"An 18-year-old girl named Amelia comforting a 19-year-old boy named Lucas in a campus cafe. Amelia has fair skin, long brown hair, and blue eyes. Lucas has light brown skin, curly black hair, and brown eyes. They are wearing casual clothes. The cafe has tables, chairs, and a casual atmosphere. Semi-realistic art style.","A [character age]-year-old [character descriptions] comforting in a campus cafe. The cafe has [environment details]. [Artstyle] art style."
7_continues.rpy,show amelia_smiling_lucas,Amelia and Lucas (18, fair skin, long brown hair/light brown skin, curly black hair, blue eyes/brown eyes, wearing casual clothes, smiling),Cafe (tables, chairs, casual atmosphere),Semi-realistic,"An 18-year-old girl named Amelia smiling at a 19-year-old boy named Lucas in a campus cafe. Amelia has fair skin, long brown hair, and blue eyes. Lucas has light brown skin, curly black hair, and brown eyes. They are wearing casual clothes. The cafe has tables, chairs, and a casual atmosphere. Semi-realistic art style.","A [character age]-year-old [character descriptions] smiling at each other in a campus cafe. The cafe has [environment details]. [Artstyle] art style."
7_continues.rpy,show lucas_nodding,Lucas (19, light brown skin, curly black hair, brown eyes, nodding, wearing casual clothes),Cafe (tables, chairs, casual atmosphere),Semi-realistic,"A 19-year-old boy named Lucas nodding in a campus cafe. Lucas has light brown skin, curly black hair, and brown eyes. He is wearing casual clothes. The cafe has tables, chairs, and a casual atmosphere. Semi-realistic art style.","A [character age]-year-old [character description] nodding in a campus cafe. The cafe has [environment details]. [Artstyle] art style."
7_continues.rpy,show lucas_grateful,Lucas (19, light brown skin, curly black hair, brown eyes, looking grateful, wearing casual clothes),Cafe (tables, chairs, casual atmosphere),Semi-realistic,"A 19-year-old boy named Lucas looking grateful in a campus cafe. Lucas has light brown skin, curly black hair, and brown eyes. He is wearing casual clothes. The cafe has tables, chairs, and a casual atmosphere. Semi-realistic art style.","A [character age]-year-old [character description] looking grateful in a campus cafe. The cafe has [environment details]. [Artstyle] art style."
7_continues.rpy,show amelia_cafe_with_friends_late,Amelia, Lucas, Zara, and Raj (18, fair skin, long brown hair/light brown skin, curly black hair/light skin, long red hair/medium skin, short brown hair, blue eyes/brown eyes/green eyes/brown eyes, wearing casual clothes),Cafe (tables, chairs, casual atmosphere, evening lighting),Semi-realistic,"Amelia, Lucas, Zara, and Raj meeting in a campus cafe in the evening. Amelia has fair skin, long brown hair, and blue eyes. Lucas has light brown skin, curly black hair, and brown eyes. Zara has light skin, long red hair, and green eyes. Raj has medium skin, short brown hair, and brown eyes. They are wearing casual clothes. The cafe has tables, chairs, and a casual atmosphere with evening lighting. Semi-realistic art style.","A [character age]-year-old [character descriptions] meeting in a campus cafe in the evening. The cafe has [environment details]. [Artstyle] art style."
7_continues.rpy,show zara_talking,Zara (18, light skin, long red hair, green eyes, talking, wearing casual clothes),Cafe (tables, chairs, casual atmosphere),Semi-realistic,"An 18-year-old girl named Zara talking in a campus cafe. Zara has light skin, long red hair, and green eyes. She is wearing casual clothes. The cafe has tables, chairs, and a casual atmosphere. Semi-realistic art style.","A [character age]-year-old [character description] talking in a campus cafe. The cafe has [environment details]. [Artstyle] art style."
7_continues.rpy,show raj_agreeing,Raj (18, medium skin, short brown hair, brown eyes, looking agreeable, wearing casual clothes),Cafe (tables, chairs, casual atmosphere),Semi-realistic,"An 18-year-old boy named Raj agreeing in a campus cafe. Raj has medium skin, short brown hair, and brown eyes. He is wearing casual clothes. The cafe has tables, chairs, and a casual atmosphere. Semi-realistic art style.","A [character age]-year-old [character description] agreeing in a campus cafe. The cafe has [environment details]. [Artstyle] art style."
7_continues.rpy,show amelia_smiling_friends,Amelia, Lucas, Zara, and Raj (18, fair skin, long brown hair/light brown skin, curly black hair/light skin, long red hair/medium skin, short brown hair, blue eyes/brown eyes/green eyes/brown eyes, wearing casual clothes, smiling),Cafe (tables, chairs, casual atmosphere),Semi-realistic,"Amelia, Lucas, Zara, and Raj smiling in a campus cafe. Amelia has fair skin, long brown hair, and blue eyes. Lucas has light brown skin, curly black hair, and brown eyes. Zara has light skin, long red hair, and green eyes. Raj has medium skin, short brown hair, and brown eyes. They are wearing casual clothes. The cafe has tables, chairs, and a casual atmosphere. Semi-realistic art style.","A [character age]-year-old [character descriptions] smiling in a campus cafe. The cafe has [environment details]. [Artstyle] art style."
7_continues.rpy,show amelia_comforting_friends,Amelia, Lucas, Zara, and Raj (18, fair skin, long brown hair/light brown skin, curly black hair/light skin, long red hair/medium skin, short brown hair, blue eyes/brown eyes/green eyes/brown eyes, wearing casual clothes, comforting),Cafe (tables, chairs, casual atmosphere),Semi-realistic,"Amelia, Lucas, Zara, and Raj comforting each other in a campus cafe. Amelia has fair skin, long brown hair, and blue eyes. Lucas has light brown skin, curly black hair, and brown eyes. Zara has light skin, long red hair, and green eyes. Raj has medium skin, short brown hair, and brown eyes. They are wearing casual clothes. The cafe has tables, chairs, and a casual atmosphere. Semi-realistic art style.","A [character age]-year-old [character descriptions] comforting each other in a campus cafe. The cafe has [environment details]. [Artstyle] art style."
7_continues.rpy,show amelia_dorm_morning,Amelia (18, fair skin, long brown hair, blue eyes, wearing casual clothes),Dorm room (study desk, bed, personal items),Semi-realistic,"An 18-year-old girl named Amelia in her dorm room in the morning. Amelia has fair skin, long brown hair, and blue eyes. She is wearing casual clothes. The dorm room has a study desk, a bed, and personal items. Semi-realistic art style.","A [character age]-year-old [character description] in her dorm room in the morning. The dorm room has [environment details]. [Artstyle] art style."
7_continues.rpy,show amelia_meditating,Amelia (18, fair skin, long brown hair, blue eyes, meditating, wearing casual clothes),Dorm room (study desk, bed, personal items),Semi-realistic,"An 18-year-old girl named Amelia meditating in her dorm room. Amelia has fair skin, long brown hair, and blue eyes. She is wearing casual clothes. The dorm room has a study desk, a bed, and personal items. Semi-realistic art style.","A [character age]-year-old [character description] meditating in her dorm room. The dorm room has [environment details]. [Artstyle] art style."
7_continues.rpy,show amelia_outdoor_exploration,Amelia (18, fair skin, long brown hair, blue eyes, wearing casual clothes),Outdoor area (trees, paths, historical artifacts),Semi-realistic,"An 18-year-old girl named Amelia exploring an outdoor area. Amelia has fair skin, long brown hair, and blue eyes. She is wearing casual clothes. The outdoor area has trees, paths, and historical artifacts. Semi-realistic art style.","A [character age]-year-old [character description] exploring an outdoor area. The outdoor area has [environment details]. [Artstyle] art style."
7_continues.rpy,show amelia_exploring_museum,Amelia (18, fair skin, long brown hair, blue eyes, looking curious, wearing casual clothes),Museum (exhibits, artifacts, historical items),Semi-realistic,"An 18-year-old girl named Amelia exploring a museum. Amelia has fair skin, long brown hair, and blue eyes. She is wearing casual clothes and looks curious. The museum has exhibits, artifacts, and historical items. Semi-realistic art style.","A [character age]-year-old [character description] exploring a museum. The museum has [environment details]. [Artstyle] art style."
7_continues.rpy,show amelia_staring_artifact,Amelia (18, fair skin, long brown hair, blue eyes, staring at an artifact, wearing casual clothes),Museum (exhibits, artifacts, historical items),Semi-realistic,"An 18-year-old girl named Amelia staring at an artifact in a museum. Amelia has fair skin, long brown hair, and blue eyes. She is wearing casual clothes. The museum has exhibits, artifacts, and historical items. Semi-realistic art style.","A [character age]-year-old [character description] staring at an artifact in a museum. The museum has [environment details]. [Artstyle] art style."
7_continues.rpy,show amelia_studying_amulet,Amelia (18, fair skin, long brown hair, blue eyes, studying an amulet, wearing casual clothes),Museum (exhibits, artifacts, historical items),Semi-realistic,"An 18-year-old girl named Amelia studying an amulet in a museum. Amelia has fair skin, long brown hair, and blue eyes. She is wearing casual clothes. The museum has exhibits, artifacts, and historical items. Semi-realistic art style.","A [character age]-year-old [character description] studying an amulet in a museum. The museum has [environment details]. [Artstyle] art style."
7_continues.rpy,show museum_curator_approaches,Curator (middle-aged, light skin, short gray hair, glasses, wearing a suit),Museum (exhibits, artifacts, historical items),Semi-realistic,"A middle-aged museum curator with light skin, short gray hair, and glasses approaching in a museum. The curator is wearing a suit. The museum has exhibits, artifacts, and historical items. Semi-realistic art style.","A [character age]-year-old [character description] approaching in a museum. The museum has [environment details]. [Artstyle] art style."
7_continues.rpy,show amelia_listening_curator,Amelia and Curator (18, fair skin, long brown hair/middle-aged, light skin, short gray hair, blue eyes/glasses, wearing casual clothes/suit),Museum (exhibits, artifacts, historical items),Semi-realistic,"An 18-year-old girl named Amelia listening to a middle-aged curator in a museum. Amelia has fair skin, long brown hair, and blue eyes. The curator has light skin, short gray hair, and glasses. Amelia is wearing casual clothes. The curator is wearing a suit. The museum has exhibits, artifacts, and historical items. Semi-realistic art style.","A [character age]-year-old [character descriptions] listening in a museum. The museum has [environment details]. [Artstyle] art style."
7_continues.rpy,show curator_explaining,Curator (middle-aged, light skin, short gray hair, glasses, wearing a suit, explaining),Museum (exhibits, artifacts, historical items),Semi-realistic,"A middle-aged museum curator with light skin, short gray hair, and glasses explaining in a museum. The curator is wearing a suit. The museum has exhibits, artifacts, and historical items. Semi-realistic art style.","A [character age]-year-old [character description] explaining in a museum. The museum has [environment details]. [Artstyle] art style."
7_continues.rpy,show amelia_studying_amulet_closer,Amelia (18, fair skin, long brown hair, blue eyes, studying an amulet closely, wearing casual clothes),Museum (exhibits, artifacts, historical items),Semi-realistic,"An 18-year-old girl named Amelia studying an amulet closely in a museum. Amelia has fair skin, long brown hair, and blue eyes. She is wearing casual clothes. The museum has exhibits, artifacts, and historical items. Semi-realistic art style.","A [character age]-year-old [character description] studying an amulet closely in a museum. The museum has [environment details]. [Artstyle] art style."
7_continues.rpy,show amelia_smiling_curator,Amelia and Curator (18, fair skin, long brown hair/middle-aged, light skin, short gray hair, blue eyes/glasses, wearing casual clothes/suit, smiling),Museum (exhibits, artifacts, historical items),Semi-realistic,"An 18-year-old girl named Amelia smiling at a middle-aged curator in a museum. Amelia has fair skin, long brown hair, and blue eyes. The curator has light skin, short gray hair, and glasses. Amelia is wearing casual clothes. The curator is wearing a suit. The museum has exhibits, artifacts, and historical items. Semi-realistic art style.","A [character age]-year-old [character descriptions] smiling at each other in a museum. The museum has [environment details]. [Artstyle] art style."
7_continues.rpy,show amelia_meeting_maya,Amelia and Maya (18, fair skin, long brown hair/25, medium skin, long black hair, blue eyes/brown eyes, wearing casual clothes, meeting),Outdoor area (trees, paths, historical artifacts),Semi-realistic,"An 18-year-old girl named Amelia meeting a 25-year-old woman named Maya in an outdoor area. Amelia has fair skin, long brown hair, and blue eyes. Maya has medium skin, long black hair, and brown eyes. They are wearing casual clothes. The outdoor area has trees, paths, and historical artifacts. Semi-realistic art style.","A [character age]-year-old [character descriptions] meeting in an outdoor area. The outdoor area has [environment details]. [Artstyle] art style."
7_continues.rpy,show maya_listening_amelia,Amelia and Maya (18, fair skin, long brown hair/25, medium skin, long black hair, blue eyes/brown eyes, wearing casual clothes, talking),Outdoor area (trees, paths, historical artifacts),Semi-realistic,"An 18-year-old girl named Amelia talking to a 25-year-old woman named Maya in an outdoor area. Amelia has fair skin, long brown hair, and blue eyes. Maya has medium skin, long black hair, and brown eyes. They are wearing casual clothes. The outdoor area has trees, paths, and historical artifacts. Semi-realistic art style.","A [character age]-year-old [character descriptions] talking in an outdoor area. The outdoor area has [environment details]. [Artstyle] art style."
7_continues.rpy,show maya_thinking,Maya (25, medium skin, long black hair, brown eyes, looking thoughtful, wearing casual clothes),Outdoor area (trees, paths, historical artifacts),Semi-realistic,"A 25-year-old woman named Maya looking thoughtful in an outdoor area. Maya has medium skin, long black hair, and brown eyes. She is wearing casual clothes. The outdoor area has trees, paths, and historical artifacts. Semi-realistic art style.","A [character age]-year-old [character description] looking thoughtful in an outdoor area. The outdoor area has [environment details]. [Artstyle] art style."
7_continues.rpy,show amelia_maya_meditating,Amelia and Maya (18, fair skin, long brown hair/25, medium skin, long black hair, blue eyes/brown eyes, wearing casual clothes, meditating),Outdoor area (trees, paths, historical artifacts),Semi-realistic,"An 18-year-old girl named Amelia and a 25-year-old woman named Maya meditating in an outdoor area. Amelia has fair skin, long brown hair, and blue eyes. Maya has medium skin, long black hair, and brown eyes. They are wearing casual clothes. The outdoor area has trees, paths, and historical artifacts. Semi-realistic art style.","A [character age]-year-old [character descriptions] meditating in an outdoor area. The outdoor area has [environment details]. [Artstyle] art style."
7_continues.rpy,show maya_sharing_insights,Maya (25, medium skin, long black hair, brown eyes, sharing insights, wearing casual clothes),Outdoor area (trees, paths, historical artifacts),Semi-realistic,"A 25-year-old woman named Maya sharing insights in an outdoor area. Maya has medium skin, long black hair, and brown eyes. She is wearing casual clothes. The outdoor area has trees, paths, and historical artifacts. Semi-realistic art style.","A [character age]-year-old [character description] sharing insights in an outdoor area. The outdoor area has [environment details]. [Artstyle] art style."
7_continues.rpy,show amelia_listening_maya,Amelia and Maya (18, fair skin, long brown hair/25, medium skin, long black hair, blue eyes/brown eyes, wearing casual clothes, talking),Outdoor area (trees, paths, historical artifacts),Semi-realistic,"An 18-year-old girl named Amelia talking to a 25-year-old woman named Maya in an outdoor area. Amelia has fair skin, long brown hair, and blue eyes. Maya has medium skin, long black hair, and brown eyes. They are wearing casual clothes. The outdoor area has trees, paths, and historical artifacts. Semi-realistic art style.","A [character age]-year-old [character descriptions] talking in an outdoor area. The outdoor area has [environment details]. [Artstyle] art style."
7_continues.rpy,show amelia_dorm_night,Amelia (18, fair skin, long brown hair, blue eyes, wearing casual clothes),Dorm room (study desk, bed, personal items, night lighting),Semi-realistic,"An 18-year-old girl named Amelia in her dorm room at night. Amelia has fair skin, long brown hair, and blue eyes. She is wearing casual clothes. The dorm room has a study desk, a bed, and personal items with night lighting. Semi-realistic art style.","A [character age]-year-old [character description] in her dorm room at night. The dorm room has [environment details]. [Artstyle] art style."
7_continues.rpy,show amelia_sleeping,Amelia (18, fair skin, long brown hair, blue eyes, sleeping, wearing casual clothes),Dorm room (bed, night lighting),Semi-realistic,"An 18-year-old girl named Amelia sleeping in her dorm room. Amelia has fair skin, long brown hair, and blue eyes. She is wearing casual clothes. The dorm room has a bed with night lighting. Semi-realistic art style.","A [character age]-year-old [character description] sleeping in her dorm room. The dorm room has [environment details]. [Artstyle] art style."
7_continues.rpy,show amelia_dream_forest,Amelia (18, fair skin, long brown hair, blue eyes, dreaming, wearing casual clothes),Dreamscape (forest, mystical creatures, ancient trees),Semi-realistic,"An 18-year-old girl named Amelia dreaming of a forest. Amelia has fair skin, long brown hair, and blue eyes. She is wearing casual clothes. The dreamscape has a forest with mystical creatures and ancient trees. Semi-realistic art style.","A [character age]-year-old [character description] dreaming of a forest. The dreamscape has [environment details]. [Artstyle] art style."
7_continues.rpy,show amelia_dream_forest,Amelia (18, fair skin, long brown hair, blue eyes, dreaming, wearing casual clothes),Dreamscape (forest, mystical creatures, ancient trees),Semi-realistic,"An 18-year-old girl named Amelia dreaming of a forest. Amelia has fair skin, long brown hair, and blue eyes. She is wearing casual clothes. The dreamscape has a forest with mystical creatures and ancient trees. Semi-realistic art style.","A [character age]-year-old [character description] dreaming of a forest. The dreamscape has [environment details]. [Artstyle] art style."
7_continues.rpy,show druid,Druid (old, gray hair, beard, wearing robes, holding a staff),Dreamscape (forest, mystical creatures, ancient trees),Semi-realistic,"An old druid with gray hair and a beard, wearing robes and holding a staff, appearing in a dreamscape. The dreamscape has a forest with mystical creatures and ancient trees. Semi-realistic art style.","An [character age]-year-old [character description] appearing in a dreamscape. The dreamscape has [environment details]. [Artstyle] art style."
7_continues.rpy,show amelia_listening_druid,Amelia and Druid (18, fair skin, long brown hair/old, gray hair, beard, blue eyes/gray eyes, wearing casual clothes/robes, listening),Dreamscape (forest, mystical creatures, ancient trees),Semi-realistic,"An 18-year-old girl named Amelia listening to an old druid in a dreamscape. Amelia has fair skin, long brown hair, and blue eyes. The druid has gray hair and a beard. Amelia is wearing casual clothes. The druid is wearing robes and holding a staff. The dreamscape has a forest with mystical creatures and ancient trees. Semi-realistic art style.","A [character age]-year-old [character descriptions] listening in a dreamscape. The dreamscape has [environment details]. [Artstyle] art style."
7_continues.rpy,show amelia_writing_journal,Amelia (18, fair skin, long brown hair, blue eyes, writing in a journal, wearing casual clothes),Dorm room (study desk, bed, personal items, night lighting),Semi-realistic,"An 18-year-old girl named Amelia writing in a journal in her dorm room. Amelia has fair skin, long brown hair, and blue eyes. She is wearing casual clothes. The dorm room has a study desk, a bed, and personal items with night lighting. Semi-realistic art style.","A [character age]-year-old [character description] writing in a journal in her dorm room. The dorm room has [environment details]. [Artstyle] art style."
7_continues.rpy,show amelia_thinking,Amelia (18, fair skin, long brown hair, blue eyes, looking thoughtful, wearing casual clothes),Dorm room (study desk, bed, personal items),Semi-realistic,"An 18-year-old girl named Amelia looking thoughtful in her dorm room. Amelia has fair skin, long brown hair, and blue eyes. She is wearing casual clothes. The dorm room has a study desk, a bed, and personal items. Semi-realistic art style.","A [character age]-year-old [character description] looking thoughtful in her dorm room. The dorm room has [environment details]. [Artstyle] art style."
7_continues.rpy,show amelia_meeting_maya,Amelia and Maya (18, fair skin, long brown hair/25, medium skin, long black hair, blue eyes/brown eyes, wearing casual clothes, meeting),Outdoor area (trees, paths, historical artifacts),Semi-realistic,"An 18-year-old girl named Amelia meeting a 25-year-old woman named Maya in an outdoor area. Amelia has fair skin, long brown hair, and blue eyes. Maya has medium skin, long black hair, and brown eyes. They are wearing casual clothes. The outdoor area has trees, paths, and historical artifacts. Semi-realistic art style.","A [character age]-year-old [character descriptions] meeting in an outdoor area. The outdoor area has [environment details]. [Artstyle] art style."
7_continues.rpy,show maya_listening_dream,Amelia and Maya (18, fair skin, long brown hair/25, medium skin, long black hair, blue eyes/brown eyes, wearing casual clothes, talking),Outdoor area (trees, paths, historical artifacts),Semi-realistic,"An 18-year-old girl named Amelia talking to a 25-year-old woman named Maya in an outdoor area. Amelia has fair skin, long brown hair, and blue eyes. Maya has medium skin, long black hair, and brown eyes. They are wearing casual clothes. The outdoor area has trees, paths, and historical artifacts. Semi-realistic art style.","A [character age]-year-old [character descriptions] talking in an outdoor area. The outdoor area has [environment details]. [Artstyle] art style."
7_continues.rpy,show maya_thinking_dream,Maya (25, medium skin, long black hair, brown eyes, looking thoughtful, wearing casual clothes),Outdoor area (trees, paths, historical artifacts),Semi-realistic,"A 25-year-old woman named Maya looking thoughtful in an outdoor area. Maya has medium skin, long black hair, and brown eyes. She is wearing casual clothes. The outdoor area has trees, paths, and historical artifacts. Semi-realistic art style.","A [character age]-year-old [character description] looking thoughtful in an outdoor area. The outdoor area has [environment details]. [Artstyle] art style."
7_continues.rpy,show amelia_grateful,Amelia (18, fair skin, long brown hair, blue eyes, looking grateful, wearing casual clothes),Outdoor area (trees, paths, historical artifacts),Semi-realistic,"An 18-year-old girl named Amelia looking grateful in an outdoor area. Amelia has fair skin, long brown hair, and blue eyes. She is wearing casual clothes. The outdoor area has trees, paths, and historical artifacts. Semi-realistic art style.","A [character age]-year-old [character description] looking grateful in an outdoor area. The outdoor area has [environment details]. [Artstyle] art style."
7_continues.rpy,show amelia_library_afternoon,Amelia (18, fair skin, long brown hair, blue eyes, wearing casual clothes),Library (bookshelves, study tables, quiet atmosphere, afternoon lighting),Semi-realistic,"An 18-year-old girl named Amelia in the library in the afternoon. Amelia has fair skin, long brown hair, and blue eyes. She is wearing casual clothes. The library has bookshelves, study tables, and a quiet atmosphere with afternoon lighting. Semi-realistic art style.","A [character age]-year-old [character description] in the library in the afternoon. The library has [environment details]. [Artstyle] art style."
7_continues.rpy,show amelia_studying_occult,Amelia (18, fair skin, long brown hair, blue eyes, studying occult texts, wearing casual clothes),Library (bookshelves, study tables, quiet atmosphere, afternoon lighting),Semi-realistic,"An 18-year-old girl named Amelia studying occult texts in the library in the afternoon. Amelia has fair skin, long brown hair, and blue eyes. She is wearing casual clothes. The library has bookshelves, study tables, and a quiet atmosphere with afternoon lighting. Semi-realistic art style.","A [character age]-year-old [character description] studying occult texts in the library in the afternoon. The library has [environment details]. [Artstyle] art style."
7_continues.rpy,show amelia_meeting_friend,Amelia and Lucas (18, fair skin, long brown hair/light brown skin, curly black hair, blue eyes/brown eyes, wearing casual clothes, meeting),Outdoor area (trees, paths, historical artifacts),Semi-realistic,"An 18-year-old girl named Amelia meeting a 19-year-old boy named Lucas in an outdoor area. Amelia has fair skin, long brown hair, and blue eyes. Lucas has light brown skin, curly black hair, and brown eyes. They are wearing casual clothes. The outdoor area has trees, paths, and historical artifacts. Semi-realistic art style.","A [character age]-year-old [character descriptions] meeting in an outdoor area. The outdoor area has [environment details]. [Artstyle] art style."
7_continues.rpy,show lucas_listening_amelia,Amelia and Lucas (18, fair skin, long brown hair/light brown skin, curly black hair, blue eyes/brown eyes, wearing casual clothes, talking),Outdoor area (trees, paths, historical artifacts),Semi-realistic,"An 18-year-old girl named Amelia talking to a 19-year-old boy named Lucas in an outdoor area. Amelia has fair skin, long brown hair, and blue eyes. Lucas has light brown skin, curly black hair, and brown eyes. They are wearing casual clothes. The outdoor area has trees, paths, and historical artifacts. Semi-realistic art style.","A [character age]-year-old [character descriptions] talking in an outdoor area. The outdoor area has [environment details]. [Artstyle] art style."
7_continues.rpy,show lucas_curious,Lucas (19, light brown skin, curly black hair, brown eyes, looking curious, wearing casual clothes),Outdoor area (trees, paths, historical artifacts),Semi-realistic,"A 19-year-old boy named Lucas looking curious in an outdoor area. Lucas has light brown skin, curly black hair, and brown eyes. He is wearing casual clothes. The outdoor area has trees, paths, and historical artifacts. Semi-realistic art style.","A [character age]-year-old [character description] looking curious in an outdoor area. The outdoor area has [environment details]. [Artstyle] art style."
7_continues.rpy,show amelia_sharing_knowledge,Amelia and Lucas (18, fair skin, long brown hair/light brown skin, curly black hair, blue eyes/brown eyes, wearing casual clothes, sharing knowledge),Outdoor area (trees, paths, historical artifacts),Semi-realistic,"An 18-year-old girl named Amelia sharing knowledge with a 19-year-old boy named Lucas in an outdoor area. Amelia has fair skin, long brown hair, and blue eyes. Lucas has light brown skin, curly black hair, and brown eyes. They are wearing casual clothes. The outdoor area has trees, paths, and historical artifacts. Semi-realistic art style.","A [character age]-year-old [character descriptions] sharing knowledge in an outdoor area. The outdoor area has [environment details]. [Artstyle] art style."
7_continues.rpy,show lucas_fascinated,Lucas (19, light brown skin, curly black hair, brown eyes, looking fascinated, wearing casual clothes),Outdoor area (trees, paths, historical artifacts),Semi-realistic,"A 19-year-old boy named Lucas looking fascinated in an outdoor area. Lucas has light brown skin, curly black hair, and brown eyes. He is wearing casual clothes. The outdoor area has trees, paths, and historical artifacts. Semi-realistic art style.","A [character age]-year-old [character description] looking fascinated in an outdoor area. The outdoor area has [environment details]. [Artstyle] art style."
7_continues.rpy,show amelia_thinking_library,Amelia (18, fair skin, long brown hair, blue eyes, looking thoughtful, wearing casual clothes),Library (bookshelves, study tables, quiet atmosphere, afternoon lighting),Semi-realistic,"An 18-year-old girl named Amelia looking thoughtful in the library in the afternoon. Amelia has fair skin, long brown hair, and blue eyes. She is wearing casual clothes. The library has bookshelves, study tables, and a quiet atmosphere with afternoon lighting. Semi-realistic art style.","A [character age]-year-old [character description] looking thoughtful in the library in the afternoon. The library has [environment details]. [Artstyle] art style."
7_continues.rpy,show amelia_studying_occult_alone,Amelia (18, fair skin, long brown hair, blue eyes, studying occult texts alone, wearing casual clothes),Library (bookshelves, study tables, quiet atmosphere, afternoon lighting),Semi-realistic,"An 18-year-old girl named Amelia studying occult texts alone in the library in the afternoon. Amelia has fair skin, long brown hair, and blue eyes. She is wearing casual clothes. The library has bookshelves, study tables, and a quiet atmosphere with afternoon lighting. Semi-realistic art style.","A [character age]-year-old [character description] studying occult texts alone in the library in the afternoon. The library has [environment details]. [Artstyle] art style."
7_continues.rpy,show amelia_dorm_evening,Amelia (18, fair skin, long brown hair, blue eyes, looking reflective, wearing casual clothes),Dorm room (study desk, bed, personal items, evening lighting),Semi-realistic,"An 18-year-old girl named Amelia in her dorm room in the evening, looking reflective. Amelia has fair skin, long brown hair, and blue eyes. She is wearing casual clothes. The dorm room has a study desk, a bed, and personal items with evening lighting. Semi-realistic art style.","A [character age]-year-old [character description] in her dorm room in the evening, looking reflective. The dorm room has [environment details]. [Artstyle] art style."
7_continues.rpy,show amelia_reflective_evening,Amelia (18, fair skin, long brown hair, blue eyes, looking reflective, wearing casual clothes),Dorm room (study desk, bed, personal items, evening lighting),Semi-realistic,"An 18-year-old girl named Amelia in her dorm room in the evening, looking reflective. Amelia has fair skin, long brown hair, and blue eyes. She is wearing casual clothes. The dorm room has a study desk, a bed, and personal items with evening lighting. Semi-realistic art style.","A [character age]-year-old [character description] in her dorm room in the evening, looking reflective. The dorm room has [environment details]. [Artstyle] art style."
7_continues.rpy,show amelia_dorm_morning,Amelia (18, fair skin, long brown hair, blue eyes, wearing casual clothes),Dorm room (study desk, bed, personal items),Semi-realistic,"An 18-year-old girl named Amelia in her dorm room in the morning. Amelia has fair skin, long brown hair, and blue eyes. She is wearing casual clothes. The dorm room has a study desk, a bed, and personal items. Semi-realistic art style.","A [character age]-year-old [character description] in her dorm room in the morning. The dorm room has [environment details]. [Artstyle] art style."
7_continues.rpy,show cornwall_coastline,Amelia, Lucas, Zara, and Raj (18, fair skin, long brown hair/light brown skin, curly black hair/light skin, long red hair/medium skin, short brown hair, blue eyes/brown eyes/green eyes/brown eyes, wearing casual clothes),Cornwall coastline (waves, cliffs, scenic views),Semi-realistic,"Amelia, Lucas, Zara, and Raj exploring the Cornwall coastline. Amelia has fair skin, long brown hair, and blue eyes. Lucas has light brown skin, curly black hair, and brown eyes. Zara has light skin, long red hair, and green eyes. Raj has medium skin, short brown hair, and brown eyes. They are wearing casual clothes. The coastline has waves, cliffs, and scenic views. Semi-realistic art style.","A [character age]-year-old [character descriptions] exploring the Cornwall coastline. The coastline has [environment details]. [Artstyle] art style."
7_continues.rpy,show amelia_talking_friends,Amelia, Lucas, Zara, and Raj (18, fair skin, long brown hair/light brown skin, curly black hair/light skin, long red hair/medium skin, short brown hair, blue eyes/brown eyes/green eyes/brown eyes, wearing casual clothes, talking),Cornwall coastline (waves, cliffs, scenic views),Semi-realistic,"Amelia, Lucas, Zara, and Raj talking at the Cornwall coastline. Amelia has fair skin, long brown hair, and blue eyes. Lucas has light brown skin, curly black hair, and brown eyes. Zara has light skin, long red hair, and green eyes. Raj has medium skin, short brown hair, and brown eyes. They are wearing casual clothes. The coastline has waves, cliffs, and scenic views. Semi-realistic art style.","A [character age]-year-old [character descriptions] talking at the Cornwall coastline. The coastline has [environment details]. [Artstyle] art style."
7_continues.rpy,show lucas_agreeing,Lucas (19, light brown skin, curly black hair, brown eyes, looking agreeable, wearing casual clothes),Cornwall coastline (waves, cliffs, scenic views),Semi-realistic,"A 19-year-old boy named Lucas looking agreeable at the Cornwall coastline. Lucas has light brown skin, curly black hair, and brown eyes. He is wearing casual clothes. The coastline has waves, cliffs, and scenic views. Semi-realistic art style.","A [character age]-year-old [character description] looking agreeable at the Cornwall coastline. The coastline has [environment details]. [Artstyle] art style."
7_continues.rpy,show zara_smiling,Zara (18, light skin, long red hair, green eyes, smiling, wearing casual clothes),Cornwall coastline (waves, cliffs, scenic views),Semi-realistic,"An 18-year-old girl named Zara smiling at the Cornwall coastline. Zara has light skin, long red hair, and green eyes. She is wearing casual clothes. The coastline has waves, cliffs, and scenic views. Semi-realistic art style.","A [character age]-year-old [character description] smiling at the Cornwall coastline. The coastline has [environment details]. [Artstyle] art style."
7_continues.rpy,show raj_nodding,Raj (18, medium skin, short brown hair, brown eyes, nodding, wearing casual clothes),Cornwall coastline (waves, cliffs, scenic views),Semi-realistic,"An 18-year-old boy named Raj nodding at the Cornwall coastline. Raj has medium skin, short brown hair, and brown eyes. He is wearing casual clothes. The coastline has waves, cliffs, and scenic views. Semi-realistic art style.","A [character age]-year-old [character description] nodding at the Cornwall coastline. The coastline has [environment details]. [Artstyle] art style."
7_continues.rpy,show amelia_reflective,Amelia (18, fair skin, long brown hair, blue eyes, looking reflective, wearing casual clothes),Cornwall coastline (waves, cliffs, scenic views),Semi-realistic,"An 18-year-old girl named Amelia looking reflective at the Cornwall coastline. Amelia has fair skin, long brown hair, and blue eyes. She is wearing casual clothes. The coastline has waves, cliffs, and scenic views. Semi-realistic art style.","A [character age]-year-old [character description] looking reflective at the Cornwall coastline. The coastline has [environment details]. [Artstyle] art style."
7_continues.rpy,show lucas_listening,Lucas (19, light brown skin, curly black hair, brown eyes, listening, wearing casual clothes),Cornwall coastline (waves, cliffs, scenic views),Semi-realistic,"A 19-year-old boy named Lucas listening at the Cornwall coastline. Lucas has light brown skin, curly black hair, and brown eyes. He is wearing casual clothes. The coastline has waves, cliffs, and scenic views. Semi-realistic art style.","A [character age]-year-old [character description] listening at the Cornwall coastline. The coastline has [environment details]. [Artstyle] art style."
7_continues.rpy,show amelia_thinking,Amelia (18, fair skin, long brown hair, blue eyes, looking thoughtful, wearing casual clothes),Cornwall coastline (waves, cliffs, scenic views),Semi-realistic,"An 18-year-old girl named Amelia looking thoughtful at the Cornwall coastline. Amelia has fair skin, long brown hair, and blue eyes. She is wearing casual clothes. The coastline has waves, cliffs, and scenic views. Semi-realistic art style.","A [character age]-year-old [character description] looking thoughtful at the Cornwall coastline. The coastline has [environment details]. [Artstyle] art style."
7_continues.rpy,show zara_nodding,Zara (18, light skin, long red hair, green eyes, nodding, wearing casual clothes),Cornwall coastline (waves, cliffs, scenic views),Semi-realistic,"An 18-year-old girl named Zara nodding at the Cornwall coastline. Zara has light skin, long red hair, and green eyes. She is wearing casual clothes. The coastline has waves, cliffs, and scenic views. Semi-realistic art style.","A [character age]-year-old [character description] nodding at the Cornwall coastline. The coastline has [environment details]. [Artstyle] art style."
7_continues.rpy,show raj_smiling,Raj (18, medium skin, short brown hair, brown eyes, smiling, wearing casual clothes),Cornwall coastline (waves, cliffs, scenic views),Semi-realistic,"An 18-year-old boy named Raj smiling at the Cornwall coastline. Raj has medium skin, short brown hair, and brown eyes. He is wearing casual clothes. The coastline has waves, cliffs, and scenic views. Semi-realistic art style.","A [character age]-year-old [character description] smiling at the Cornwall coastline. The coastline has [environment details]. [Artstyle] art style."
7_continues.rpy,show cornwall_moorlands,Amelia, Lucas, Zara, and Raj (18, fair skin, long brown hair/light brown skin, curly black hair/light skin, long red hair/medium skin, short brown hair, blue eyes/brown eyes/green eyes/brown eyes, wearing casual clothes),Cornwall moorlands (rolling hills, ancient history, mystical atmosphere),Semi-realistic,"Amelia, Lucas, Zara, and Raj exploring the Cornwall moorlands. Amelia has fair skin, long brown hair, and blue eyes. Lucas has light brown skin, curly black hair, and brown eyes. Zara has light skin, long red hair, and green eyes. Raj has medium skin, short brown hair, and brown eyes. They are wearing casual clothes. The moorlands have rolling hills, ancient history, and a mystical atmosphere. Semi-realistic art style.","A [character age]-year-old [character descriptions] exploring the Cornwall moorlands. The moorlands have [environment details]. [Artstyle] art style."
7_continues.rpy,show amelia_marveling,Amelia (18, fair skin, long brown hair, blue eyes, looking amazed, wearing casual clothes),Cornwall moorlands (rolling hills, ancient history, mystical atmosphere),Semi-realistic,"An 18-year-old girl named Amelia marveling at the Cornwall moorlands. Amelia has fair skin, long brown hair, and blue eyes. She is wearing casual clothes. The moorlands have rolling hills, ancient history, and a mystical atmosphere. Semi-realistic art style.","A [character age]-year-old [character description] marveling at the Cornwall moorlands. The moorlands have [environment details]. [Artstyle] art style."
7_continues.rpy,show lucas_nodding,Lucas (19, light brown skin, curly black hair, brown eyes, nodding, wearing casual clothes),Cornwall moorlands (rolling hills, ancient history, mystical atmosphere),Semi-realistic,"A 19-year-old boy named Lucas nodding at the Cornwall moorlands. Lucas has light brown skin, curly black hair, and brown eyes. He is wearing casual clothes. The moorlands have rolling hills, ancient history, and a mystical atmosphere. Semi-realistic art style.","A [character age]-year-old [character description] nodding at the Cornwall moorlands. The moorlands have [environment details]. [Artstyle] art style."
7_continues.rpy,show zara_agreeing,Zara (18, light skin, long red hair, green eyes, agreeing, wearing casual clothes),Cornwall moorlands (rolling hills, ancient history, mystical atmosphere),Semi-realistic,"An 18-year-old girl named Zara agreeing at the Cornwall moorlands. Zara has light skin, long red hair, and green eyes. She is wearing casual clothes. The moorlands have rolling hills, ancient history, and a mystical atmosphere. Semi-realistic art style.","A [character age]-year-old [character description] agreeing at the Cornwall moorlands. The moorlands have [environment details]. [Artstyle] art style."
7_continues.rpy,show raj_smiling,Raj (18, medium skin, short brown hair, brown eyes, smiling, wearing casual clothes),Cornwall moorlands (rolling hills, ancient history, mystical atmosphere),Semi-realistic,"An 18-year-old boy named Raj smiling at the Cornwall moorlands. Raj has medium skin, short brown hair, and brown eyes. He is wearing casual clothes. The moorlands have rolling hills, ancient history, and a mystical atmosphere. Semi-realistic art style.","A [character age]-year-old [character description] smiling at the Cornwall moorlands. The moorlands have [environment details]. [Artstyle] art style."
7_continues.rpy,show cornwall_stone_circle,Amelia, Lucas, Zara, and Raj (18, fair skin, long brown hair/light brown skin, curly black hair/light skin, long red hair/medium skin, short brown hair, blue eyes/brown eyes/green eyes/brown eyes, wearing casual clothes),Ancient stone circle (weathered stones, mystical atmosphere),Semi-realistic,"Amelia, Lucas, Zara, and Raj exploring an ancient stone circle. Amelia has fair skin, long brown hair, and blue eyes. Lucas has light brown skin, curly black hair, and brown eyes. Zara has light skin, long red hair, and green eyes. Raj has medium skin, short brown hair, and brown eyes. They are wearing casual clothes. The stone circle has weathered stones and a mystical atmosphere. Semi-realistic art style.","A [character age]-year-old [character descriptions] exploring an ancient stone circle. The stone circle has [environment details]. [Artstyle] art style."
7_continues.rpy,show amelia_entranced,Amelia (18, fair skin, long brown hair, blue eyes, looking entranced, wearing casual clothes),Ancient stone circle (weathered stones, mystical atmosphere),Semi-realistic,"An 18-year-old girl named Amelia looking entranced at an ancient stone circle. Amelia has fair skin, long brown hair, and blue eyes. She is wearing casual clothes. The stone circle has weathered stones and a mystical atmosphere. Semi-realistic art style.","A [character age]-year-old [character description] looking entranced at an ancient stone circle. The stone circle has [environment details]. [Artstyle] art style."
7_continues.rpy,show lucas_curious,Lucas (19, light brown skin, curly black hair, brown eyes, looking curious, wearing casual clothes),Ancient stone circle (weathered stones, mystical atmosphere),Semi-realistic,"A 19-year-old boy named Lucas looking curious at an ancient stone circle. Lucas has light brown skin, curly black hair, and brown eyes. He is wearing casual clothes. The stone circle has weathered stones and a mystical atmosphere. Semi-realistic art style.","A [character age]-year-old [character description] looking curious at an ancient stone circle. The stone circle has [environment details]. [Artstyle] art style."
7_continues.rpy,show amelia_explaining,Amelia (18, fair skin, long brown hair, blue eyes, explaining, wearing casual clothes),Ancient stone circle (weathered stones, mystical atmosphere),Semi-realistic,"An 18-year-old girl named Amelia explaining something at an ancient stone circle. Amelia has fair skin, long brown hair, and blue eyes. She is wearing casual clothes. The stone circle has weathered stones and a mystical atmosphere. Semi-realistic art style.","A [character age]-year-old [character description] explaining something at an ancient stone circle. The stone circle has [environment details]. [Artstyle] art style."
7_continues.rpy,show zara_thoughtful,Zara (18, light skin, long red hair, green eyes, looking thoughtful, wearing casual clothes),Ancient stone circle (weathered stones, mystical atmosphere),Semi-realistic,"An 18-year-old girl named Zara looking thoughtful at an ancient stone circle. Zara has light skin, long red hair, and green eyes. She is wearing casual clothes. The stone circle has weathered stones and a mystical atmosphere. Semi-realistic art style.","A [character age]-year-old [character description] looking thoughtful at an ancient stone circle. The stone circle has [environment details]. [Artstyle] art style."
7_continues.rpy,show raj_agreeing,Raj (18, medium skin, short brown hair, brown eyes, looking agreeable, wearing casual clothes),Ancient stone circle (weathered stones, mystical atmosphere),Semi-realistic,"An 18-year-old boy named Raj looking agreeable at an ancient stone circle. Raj has medium skin, short brown hair, and brown eyes. He is wearing casual clothes. The stone circle has weathered stones and a mystical atmosphere. Semi-realistic art style.","A [character age]-year-old [character description] looking agreeable at an ancient stone circle. The stone circle has [environment details]. [Artstyle] art style."
7_continues.rpy,show amelia_performing_ritual,Amelia (18, fair skin, long brown hair, blue eyes, performing a ritual, wearing casual clothes),Ancient stone circle (weathered stones, mystical atmosphere),Semi-realistic,"An 18-year-old girl named Amelia performing a ritual at an ancient stone circle. Amelia has fair skin, long brown hair, and blue eyes. She is wearing casual clothes. The stone circle has weathered stones and a mystical atmosphere. Semi-realistic art style.","A [character age]-year-old [character description] performing a ritual at an ancient stone circle. The stone circle has [environment details]. [Artstyle] art style."
7_continues.rpy,show lucas_participating,Lucas (19, light brown skin, curly black hair, brown eyes, participating in a ritual, wearing casual clothes),Ancient stone circle (weathered stones, mystical atmosphere),Semi-realistic,"A 19-year-old boy named Lucas participating in a ritual at an ancient stone circle. Lucas has light brown skin, curly black hair, and brown eyes. He is wearing casual clothes. The stone circle has weathered stones and a mystical atmosphere. Semi-realistic art style.","A [character age]-year-old [character description] participating in a ritual at an ancient stone circle. The stone circle has [environment details]. [Artstyle] art style."
7_continues.rpy,show amelia_explaining,Amelia (18, fair skin, long brown hair, blue eyes, explaining, wearing casual clothes),Ancient stone circle (weathered stones, mystical atmosphere),Semi-realistic,"An 18-year-old girl named Amelia explaining something at an ancient stone circle. Amelia has fair skin, long brown hair, and blue eyes. She is wearing casual clothes. The stone circle has weathered stones and a mystical atmosphere. Semi-realistic art style.","A [character age]-year-old [character description] explaining something at an ancient stone circle. The stone circle has [environment details]. [Artstyle] art style."
7_continues.rpy,show amelia_reflecting_ritual,Amelia (18, fair skin, long brown hair, blue eyes, looking reflective, wearing casual clothes),Ancient stone circle (weathered stones, mystical atmosphere),Semi-realistic,"An 18-year-old girl named Amelia reflecting after a ritual at an ancient stone circle. Amelia has fair skin, long brown hair, and blue eyes. She is wearing casual clothes. The stone circle has weathered stones and a mystical atmosphere. Semi-realistic art style.","A [character age]-year-old [character description] reflecting after a ritual at an ancient stone circle. The stone circle has [environment details]. [Artstyle] art style."
7_continues.rpy,show lucas_smiling,Lucas (19, light brown skin, curly black hair, brown eyes, smiling, wearing casual clothes),Ancient stone circle (weathered stones, mystical atmosphere),Semi-realistic,"A 19-year-old boy named Lucas smiling at an ancient stone circle. Lucas has light brown skin, curly black hair, and brown eyes. He is wearing casual clothes. The stone circle has weathered stones and a mystical atmosphere. Semi-realistic art style.","A [character age]-year-old [character description] smiling at an ancient stone circle. The stone circle has [environment details]. [Artstyle] art style."
7_continues.rpy,show zara_nodding,Zara (18, light skin, long red hair, green eyes, nodding, wearing casual clothes),Ancient stone circle (weathered stones, mystical atmosphere),Semi-realistic,"An 18-year-old girl named Zara nodding at an ancient stone circle. Zara has light skin, long red hair, and green eyes. She is wearing casual clothes. The stone circle has weathered stones and a mystical atmosphere. Semi-realistic art style.","A [character age]-year-old [character description] nodding at an ancient stone circle. The stone circle has [environment details]. [Artstyle] art style."
7_continues.rpy,show raj_agreeing,Raj (18, medium skin, short brown hair, brown eyes, looking agreeable, wearing casual clothes),Ancient stone circle (weathered stones, mystical atmosphere),Semi-realistic,"An 18-year-old boy named Raj looking agreeable at an ancient stone circle. Raj has medium skin, short brown hair, and brown eyes. He is wearing casual clothes. The stone circle has weathered stones and a mystical atmosphere. Semi-realistic art style.","A [character age]-year-old [character description] looking agreeable at an ancient stone circle. The stone circle has [environment details]. [Artstyle] art style."
7_continues.rpy,show amelia_meditating_circle,Amelia (18, fair skin, long brown hair, blue eyes, meditating, wearing casual clothes),Ancient stone circle (weathered stones, mystical atmosphere),Semi-realistic,"An 18-year-old girl named Amelia meditating at an ancient stone circle. Amelia has fair skin, long brown hair, and blue eyes. She is wearing casual clothes. The stone circle has weathered stones and a mystical atmosphere. Semi-realistic art style.","A [character age]-year-old [character description] meditating at an ancient stone circle. The stone circle has [environment details]. [Artstyle] art style."
7_continues.rpy,show friends_meditating,Amelia, Lucas, Zara, and Raj (18, fair skin, long brown hair/light brown skin, curly black hair/light skin, long red hair/medium skin, short brown hair, blue eyes/brown eyes/green eyes/brown eyes, wearing casual clothes, meditating),Ancient stone circle (weathered stones, mystical atmosphere),Semi-realistic,"Amelia, Lucas, Zara, and Raj meditating at an ancient stone circle. Amelia has fair skin, long brown hair, and blue eyes. Lucas has light brown skin, curly black hair, and brown eyes. Zara has light skin, long red hair, and green eyes. Raj has medium skin, short brown hair, and brown eyes. They are wearing casual clothes. The stone circle has weathered stones and a mystical atmosphere. Semi-realistic art style.","A [character age]-year-old [character descriptions] meditating at an ancient stone circle. The stone circle has [environment details]. [Artstyle] art style."
7_continues.rpy,show amelia_meditative_state,Amelia (18, fair skin, long brown hair, blue eyes, looking meditative, wearing casual clothes),Ancient stone circle (weathered stones, mystical atmosphere),Semi-realistic,"An 18-year-old girl named Amelia in a meditative state at an ancient stone circle. Amelia has fair skin, long brown hair, and blue eyes. She is wearing casual clothes. The stone circle has weathered stones and a mystical atmosphere. Semi-realistic art style.","A [character age]-year-old [character description] in a meditative state at an ancient stone circle. The stone circle has [environment details]. [Artstyle] art style."
7_continues.rpy,show amelia_opening_eyes,Amelia (18, fair skin, long brown hair, blue eyes, opening her eyes after meditation, wearing casual clothes),Ancient stone circle (weathered stones, mystical atmosphere),Semi-realistic,"An 18-year-old girl named Amelia opening her eyes after meditating at an ancient stone circle. Amelia has fair skin, long brown hair, and blue eyes. She is wearing casual clothes. The stone circle has weathered stones and a mystical atmosphere. Semi-realistic art style.","A [character age]-year-old [character description] opening her eyes after meditating at an ancient stone circle. The stone circle has [environment details]. [Artstyle] art style."
7_continues.rpy,show lucas_agreeing,Lucas (19, light brown skin, curly black hair, brown eyes, looking agreeable, wearing casual clothes),Ancient stone circle (weathered stones, mystical atmosphere),Semi-realistic,"A 19-year-old boy named Lucas looking agreeable at an ancient stone circle. Lucas has light brown skin, curly black hair, and brown eyes. He is wearing casual clothes. The stone circle has weathered stones and a mystical atmosphere. Semi-realistic art style.","A [character age]-year-old [character description] looking agreeable at an ancient stone circle. The stone circle has [environment details]. [Artstyle] art style."
7_continues.rpy,show zara_smiling,Zara (18, light skin, long red hair, green eyes, smiling, wearing casual clothes),Ancient stone circle (weathered stones, mystical atmosphere),Semi-realistic,"An 18-year-old girl named Zara smiling at an ancient stone circle. Zara has light skin, long red hair, and green eyes. She is wearing casual clothes. The stone circle has weathered stones and a mystical atmosphere. Semi-realistic art style.","A [character age]-year-old [character description] smiling at an ancient stone circle. The stone circle has [environment details]. [Artstyle] art style."
7_continues.rpy,show raj_nodding,Raj (18, medium skin, short brown hair, brown eyes, nodding, wearing casual clothes),Ancient stone circle (weathered stones, mystical atmosphere),Semi-realistic,"An 18-year-old boy named Raj nodding at an ancient stone circle. Raj has medium skin, short brown hair, and brown eyes. He is wearing casual clothes. The stone circle has weathered stones and a mystical atmosphere. Semi-realistic art style.","A [character age]-year-old [character description] nodding at an ancient stone circle. The stone circle has [environment details]. [Artstyle] art style."
7_continues.rpy,show cornwall_historical_site,Amelia, Lucas, Zara, and Raj (18, fair skin, long brown hair/light brown skin, curly black hair/light skin, long red hair/medium skin, short brown hair, blue eyes/brown eyes/green eyes/brown eyes, wearing casual clothes),Historical site (preserved manor house, centuries-old architecture, artifacts),Semi-realistic,"Amelia, Lucas, Zara, and Raj visiting a historical site. Amelia has fair skin, long brown hair, and blue eyes. Lucas has light brown skin, curly black hair, and brown eyes. Zara has light skin, long red hair, and green eyes. Raj has medium skin, short brown hair, and brown eyes. They are wearing casual clothes. The historical site has a preserved manor house with centuries-old architecture and artifacts. Semi-realistic art style.","A [character age]-year-old [character descriptions] visiting a historical site. The historical site has [environment details]. [Artstyle] art style."
7_continues.rpy,show amelia_entranced,Amelia (18, fair skin, long brown hair, blue eyes, looking entranced, wearing casual clothes),Historical site (preserved manor house, centuries-old architecture, artifacts),Semi-realistic,"An 18-year-old girl named Amelia looking entranced at a historical site. Amelia has fair skin, long brown hair, and blue eyes. She is wearing casual clothes. The historical site has a preserved manor house with centuries-old architecture and artifacts. Semi-realistic art style.","A [character age]-year-old [character description] looking entranced at a historical site. The historical site has [environment details]. [Artstyle] art style."
7_continues.rpy,show lucas_agreeing,Lucas (19, light brown skin, curly black hair, brown eyes, looking agreeable, wearing casual clothes),Historical site (preserved manor house, centuries-old architecture, artifacts),Semi-realistic,"A 19-year-old boy named Lucas looking agreeable at a historical site. Lucas has light brown skin, curly black hair, and brown eyes. He is wearing casual clothes. The historical site has a preserved manor house with centuries-old architecture and artifacts. Semi-realistic art style.","A [character age]-year-old [character description] looking agreeable at a historical site. The historical site has [environment details]. [Artstyle] art style."
7_continues.rpy,show zara_thoughtful,Zara (18, light skin, long red hair, green eyes, looking thoughtful, wearing casual clothes),Historical site (preserved manor house, centuries-old architecture, artifacts),Semi-realistic,"An 18-year-old girl named Zara looking thoughtful at a historical site. Zara has light skin, long red hair, and green eyes. She is wearing casual clothes. The historical site has a preserved manor house with centuries-old architecture and artifacts. Semi-realistic art style.","A [character age]-year-old [character description] looking thoughtful at a historical site. The historical site has [environment details]. [Artstyle] art style."
7_continues.rpy,show raj_smiling,Raj (18, medium skin, short brown hair, brown eyes, smiling, wearing casual clothes),Historical site (preserved manor house, centuries-old architecture, artifacts),Semi-realistic,"An 18-year-old boy named Raj smiling at a historical site. Raj has medium skin, short brown hair, and brown eyes. He is wearing casual clothes. The historical site has a preserved manor house with centuries-old architecture and artifacts. Semi-realistic art style.","A [character age]-year-old [character description] smiling at a historical site. The historical site has [environment details]. [Artstyle] art style."
7_continues.rpy,show amelia_tour_group,Amelia, Lucas, Zara, Raj, and Tour Guide (18, fair skin, long brown hair/light brown skin, curly black hair/light skin, long red hair/medium skin, short brown hair/middle-aged, light skin, short gray hair, blue eyes/brown eyes/green eyes/brown eyes/gray eyes, wearing casual clothes/suit, taking a tour),Historical site (preserved manor house, centuries-old architecture, artifacts),Semi-realistic,"Amelia, Lucas, Zara, Raj, and a tour guide taking a tour of a historical site. Amelia has fair skin, long brown hair, and blue eyes. Lucas has light brown skin, curly black hair, and brown eyes. Zara has light skin, long red hair, and green eyes. Raj has medium skin, short brown hair, and brown eyes. The tour guide has light skin, short gray hair, and gray eyes. Amelia, Lucas, Zara, and Raj are wearing casual clothes. The tour guide is wearing a suit. The historical site has a preserved manor house with centuries-old architecture and artifacts. Semi-realistic art style.","A [character age]-year-old [character descriptions] taking a tour of a historical site. The historical site has [environment details]. [Artstyle] art style."
7_continues.rpy,show tour_guide_explaining,Tour Guide (middle-aged, light skin, short gray hair, gray eyes, wearing a suit, explaining),Historical site (preserved manor house, centuries-old architecture, artifacts),Semi-realistic,"A middle-aged tour guide with light skin, short gray hair, and gray eyes explaining at a historical site. The tour guide is wearing a suit. The historical site has a preserved manor house with centuries-old architecture and artifacts. Semi-realistic art style.","A [character age]-year-old [character description] explaining at a historical site. The historical site has [environment details]. [Artstyle] art style."
7_continues.rpy,show amelia_listening_tour,Amelia (18, fair skin, long brown hair, blue eyes, listening, wearing casual clothes),Historical site (preserved manor house, centuries-old architecture, artifacts),Semi-realistic,"An 18-year-old girl named Amelia listening at a historical site. Amelia has fair skin, long brown hair, and blue eyes. She is wearing casual clothes. The historical site has a preserved manor house with centuries-old architecture and artifacts. Semi-realistic art style.","A [character age]-year-old [character description] listening at a historical site. The historical site has [environment details]. [Artstyle] art style."
7_continues.rpy,show lucas_agreeing_tour,Lucas (19, light brown skin, curly black hair, brown eyes, looking agreeable, wearing casual clothes),Historical site (preserved manor house, centuries-old architecture, artifacts),Semi-realistic,"A 19-year-old boy named Lucas looking agreeable at a historical site. Lucas has light brown skin, curly black hair, and brown eyes. He is wearing casual clothes. The historical site has a preserved manor house with centuries-old architecture and artifacts. Semi-realistic art style.","A [character age]-year-old [character description] looking agreeable at a historical site. The historical site has [environment details]. [Artstyle] art style."
7_continues.rpy,show zara_smiling_tour,Zara (18, light skin, long red hair, green eyes, smiling, wearing casual clothes),Historical site (preserved manor house, centuries-old architecture, artifacts),Semi-realistic,"An 18-year-old girl named Zara smiling at a historical site. Zara has light skin, long red hair, and green eyes. She is wearing casual clothes. The historical site has a preserved manor house with centuries-old architecture and artifacts. Semi-realistic art style.","A [character age]-year-old [character description] smiling at a historical site. The historical site has [environment details]. [Artstyle] art style."
7_continues.rpy,show raj_nodding_tour,Raj (18, medium skin, short brown hair, brown eyes, nodding, wearing casual clothes),Historical site (preserved manor house, centuries-old architecture, artifacts),Semi-realistic,"An 18-year-old boy named Raj nodding at a historical site. Raj has medium skin, short brown hair, and brown eyes. He is wearing casual clothes. The historical site has a preserved manor house with centuries-old architecture and artifacts. Semi-realistic art style.","A [character age]-year-old [character description] nodding at a historical site. The historical site has [environment details]. [Artstyle] art style."
7_continues.rpy,show amelia_exploring_house,Amelia (18, fair skin, long brown hair, blue eyes, exploring a historical house, wearing casual clothes),Historical site (preserved manor house, centuries-old architecture, artifacts),Semi-realistic,"An 18-year-old girl named Amelia exploring a historical house. Amelia has fair skin, long brown hair, and blue eyes. She is wearing casual clothes. The historical site has a preserved manor house with centuries-old architecture and artifacts. Semi-realistic art style.","A [character age]-year-old [character description] exploring a historical house. The historical site has [environment details]. [Artstyle] art style."
7_continues.rpy,show amelia_finds_secret_door,Amelia (18, fair skin, long brown hair, blue eyes, discovering a secret door, wearing casual clothes),Historical site (preserved manor house, centuries-old architecture, artifacts),Semi-realistic,"An 18-year-old girl named Amelia discovering a secret door at a historical site. Amelia has fair skin, long brown hair, and blue eyes. She is wearing casual clothes. The historical site has a preserved manor house with centuries-old architecture and artifacts. Semi-realistic art style.","A [character age]-year-old [character description] discovering a secret door at a historical site. The historical site has [environment details]. [Artstyle] art style."
7_continues.rpy,show amelia_curious_secret_door,Amelia (18, fair skin, long brown hair, blue eyes, looking curious, wearing casual clothes),Historical site (preserved manor house, centuries-old architecture, artifacts),Semi-realistic,"An 18-year-old girl named Amelia looking curious at a secret door at a historical site. Amelia has fair skin, long brown hair, and blue eyes. She is wearing casual clothes. The historical site has a preserved manor house with centuries-old architecture and artifacts. Semi-realistic art style.","A [character age]-year-old [character description] looking curious at a secret door at a historical site. The historical site has [environment details]. [Artstyle] art style."
7_continues.rpy,show lucas_excited_secret_door,Lucas (19, light brown skin, curly black hair, brown eyes, looking excited, wearing casual clothes),Historical site (preserved manor house, centuries-old architecture, artifacts),Semi-realistic,"A 19-year-old boy named Lucas looking excited at a secret door at a historical site. Lucas has light brown skin, curly black hair, and brown eyes. He is wearing casual clothes. The historical site has a preserved manor house with centuries-old architecture and artifacts. Semi-realistic art style.","A [character age]-year-old [character description] looking excited at a secret door at a historical site. The historical site has [environment details]. [Artstyle] art style."
7_continues.rpy,show amelia_marveling,Amelia (18, fair skin, long brown hair, blue eyes, looking amazed, wearing casual clothes),Historical site (preserved manor house, centuries-old architecture, artifacts),Semi-realistic,"An 18-year-old girl named Amelia marveling at a historical site. Amelia has fair skin, long brown hair, and blue eyes. She is wearing casual clothes. The historical site has a preserved manor house with centuries-old architecture and artifacts. Semi-realistic art style.","A [character age]-year-old [character description] marveling at a historical site. The historical site has [environment details]. [Artstyle] art style."
7_continues.rpy,show zara_agreeing,Zara (18, light skin, long red hair, green eyes, agreeing, wearing casual clothes),Historical site (preserved manor house, centuries-old architecture, artifacts),Semi-realistic,"An 18-year-old girl named Zara agreeing at a historical site. Zara has light skin, long red hair, and green eyes. She is wearing casual clothes. The historical site has a preserved manor house with centuries-old architecture and artifacts. Semi-realistic art style.","A [character age]-year-old [character description] agreeing at a historical site. The historical site has [environment details]. [Artstyle] art style."
7_continues.rpy,show raj_smiling,Raj (18, medium skin, short brown hair, brown eyes, smiling, wearing casual clothes),Historical site (preserved manor house, centuries-old architecture, artifacts),Semi-realistic,"An 18-year-old boy named Raj smiling at a historical site. Raj has medium skin, short brown hair, and brown eyes. He is wearing casual clothes. The historical site has a preserved manor house with centuries-old architecture and artifacts. Semi-realistic art style.","A [character age]-year-old [character description] smiling at a historical site. The historical site has [environment details]. [Artstyle] art style."
7_continues.rpy,show cornwall_nature_trail,Amelia, Lucas, Zara, and Raj (18, fair skin, long brown hair/light brown skin, curly black hair/light skin, long red hair/medium skin, short brown hair, blue eyes/brown eyes/green eyes/brown eyes, wearing casual clothes),Nature trail (trees, fields, scenic views),Semi-realistic,"Amelia, Lucas, Zara, and Raj hiking on a nature trail. Amelia has fair skin, long brown hair, and blue eyes. Lucas has light brown skin, curly black hair, and brown eyes. Zara has light skin, long red hair, and green eyes. Raj has medium skin, short brown hair, and brown eyes. They are wearing casual clothes. The nature trail has trees, fields, and scenic views. Semi-realistic art style.","A [character age]-year-old [character descriptions] hiking on a nature trail. The nature trail has [environment details]. [Artstyle] art style."
7_continues.rpy,show amelia_hiking,Amelia (18, fair skin, long brown hair, blue eyes, hiking, wearing casual clothes),Nature trail (trees, fields, scenic views),Semi-realistic,"An 18-year-old girl named Amelia hiking on a nature trail. Amelia has fair skin, long brown hair, and blue eyes. She is wearing casual clothes. The nature trail has trees, fields, and scenic views. Semi-realistic art style.","A [character age]-year-old [character description] hiking on a nature trail. The nature trail has [environment details]. [Artstyle] art style."
7_continues.rpy,show lucas_agreeing_hiking,Lucas (19, light brown skin, curly black hair, brown eyes, looking agreeable, wearing casual clothes),Nature trail (trees, fields, scenic views),Semi-realistic,"A 19-year-old boy named Lucas looking agreeable on a nature trail. Lucas has light brown skin, curly black hair, and brown eyes. He is wearing casual clothes. The nature trail has trees, fields, and scenic views. Semi-realistic art style.","A [character age]-year-old [character description] looking agreeable on a nature trail. The nature trail has [environment details]. [Artstyle] art style."
7_continues.rpy,show zara_smiling,Zara (18, light skin, long red hair, green eyes, smiling, wearing casual clothes),Nature trail (trees, fields, scenic views),Semi-realistic,"An 18-year-old girl named Zara smiling on a nature trail. Zara has light skin, long red hair, and green eyes. She is wearing casual clothes. The nature trail has trees, fields, and scenic views. Semi-realistic art style.","A [character age]-year-old [character description] smiling on a nature trail. The nature trail has [environment details]. [Artstyle] art style."
7_continues.rpy,show raj_nodding,Raj (18, medium skin, short brown hair, brown eyes, nodding, wearing casual clothes),Nature trail (trees, fields, scenic views),Semi-realistic,"An 18-year-old boy named Raj nodding on a nature trail. Raj has medium skin, short brown hair, and brown eyes. He is wearing casual clothes. The nature trail has trees, fields, and scenic views. Semi-realistic art style.","A [character age]-year-old [character description] nodding on a nature trail. The nature trail has [environment details]. [Artstyle] art style."
7_continues.rpy,show amelia_picnic,Amelia (18, fair skin, long brown hair, blue eyes, having a picnic, wearing casual clothes),Picnic spot (grassy area, trees, scenic views),Semi-realistic,"An 18-year-old girl named Amelia having a picnic at a scenic spot. Amelia has fair skin, long brown hair, and blue eyes. She is wearing casual clothes. The picnic spot has a grassy area, trees, and scenic views. Semi-realistic art style.","A [character age]-year-old [character description] having a picnic at a scenic spot. The picnic spot has [environment details]. [Artstyle] art style."
7_continues.rpy,show amelia_eating_picnic,Amelia (18, fair skin, long brown hair, blue eyes, eating at a picnic, wearing casual clothes),Picnic spot (grassy area, trees, scenic views),Semi-realistic,"An 18-year-old girl named Amelia eating at a picnic spot. Amelia has fair skin, long brown hair, and blue eyes. She is wearing casual clothes. The picnic spot has a grassy area, trees, and scenic views. Semi-realistic art style.","A [character age]-year-old [character description] eating at a picnic spot. The picnic spot has [environment details]. [Artstyle] art style."
7_continues.rpy,show amelia_happy,Amelia (18, fair skin, long brown hair, blue eyes, looking happy, wearing casual clothes),Picnic spot (grassy area, trees, scenic views),Semi-realistic,"An 18-year-old girl named Amelia looking happy at a picnic spot. Amelia has fair skin, long brown hair, and blue eyes. She is wearing casual clothes. The picnic spot has a grassy area, trees, and scenic views. Semi-realistic art style.","A [character age]-year-old [character description] looking happy at a picnic spot. The picnic spot has [environment details]. [Artstyle] art style."
7_continues.rpy,show amelia_looking_out,Amelia (18, fair skin, long brown hair, blue eyes, looking out at a viewpoint, wearing casual clothes),Viewpoint (panorama, Cornwall countryside, scenic views),Semi-realistic,"An 18-year-old girl named Amelia looking out at a viewpoint with a panorama of the Cornwall countryside. Amelia has fair skin, long brown hair, and blue eyes. She is wearing casual clothes. The viewpoint has scenic views of the Cornwall countryside. Semi-realistic art style.","A [character age]-year-old [character description] looking out at a viewpoint with a panorama of the Cornwall countryside. The viewpoint has [environment details]. [Artstyle] art style."
7_continues.rpy,show lucas_agreeing_viewpoint,Lucas (19, light brown skin, curly black hair, brown eyes, looking agreeable, wearing casual clothes),Viewpoint (panorama, Cornwall countryside, scenic views),Semi-realistic,"A 19-year-old boy named Lucas looking agreeable at a viewpoint with a panorama of the Cornwall countryside. Lucas has light brown skin, curly black hair, and brown eyes. He is wearing casual clothes. The viewpoint has scenic views of the Cornwall countryside. Semi-realistic art style.","A [character age]-year-old [character description] looking agreeable at a viewpoint with a panorama of the Cornwall countryside. The viewpoint has [environment details]. [Artstyle] art style."
7_continues.rpy,show zara_smiling,Zara (18, light skin, long red hair, green eyes, smiling, wearing casual clothes),Viewpoint (panorama, Cornwall countryside, scenic views),Semi-realistic,"An 18-year-old girl named Zara smiling at a viewpoint with a panorama of the Cornwall countryside. Zara has light skin, long red hair, and green eyes. She is wearing casual clothes. The viewpoint has scenic views of the Cornwall countryside. Semi-realistic art style.","A [character age]-year-old [character description] smiling at a viewpoint with a panorama of the Cornwall countryside. The viewpoint has [environment details]. [Artstyle] art style."
7_continues.rpy,show raj_nodding_viewpoint,Raj (18, medium skin, short brown hair, brown eyes, nodding, wearing casual clothes),Viewpoint (panorama, Cornwall countryside, scenic views),Semi-realistic,"An 18-year-old boy named Raj nodding at a viewpoint with a panorama of the Cornwall countryside. Raj has medium skin, short brown hair, and brown eyes. He is wearing casual clothes. The viewpoint has scenic views of the Cornwall countryside. Semi-realistic art style.","A [character age]-year-old [character description] nodding at a viewpoint with a panorama of the Cornwall countryside. The viewpoint has [environment details]. [Artstyle] art style."
7_continues.rpy,show mentor_meeting_cafe,Amelia and Mentor (18, fair skin, long brown hair/middle-aged, light skin, short gray hair, blue eyes/gray eyes, wearing casual clothes/suit, meeting),Cafe (tables, chairs, casual atmosphere),Semi-realistic,"An 18-year-old girl named Amelia meeting her mentor in a cafe. Amelia has fair skin, long brown hair, and blue eyes. Her mentor is middle-aged with light skin, short gray hair, and gray eyes. Amelia is wearing casual clothes. The mentor is wearing a suit. The cafe has tables, chairs, and a casual atmosphere. Semi-realistic art style.","A [character age]-year-old [character descriptions] meeting in a cafe. The cafe has [environment details]. [Artstyle] art style."
7_continues.rpy,show hawthorne_waiting,Prof. Hawthorne (middle-aged, light skin, short gray hair, glasses, wearing a suit, waiting),Cafe (tables, chairs, casual atmosphere),Semi-realistic,"A middle-aged man named Prof. Hawthorne waiting in a cafe. Prof. Hawthorne has light skin, short gray hair, and glasses. He is wearing a suit. The cafe has tables, chairs, and a casual atmosphere. Semi-realistic art style.","A [character age]-year-old [character description] waiting in a cafe. The cafe has [environment details]. [Artstyle] art style."
7_continues.rpy,show amelia_talking_hawthorne,Amelia and Prof. Hawthorne (18, fair skin, long brown hair/middle-aged, light skin, short gray hair, blue eyes/glasses, wearing casual clothes/suit, talking),Cafe (tables, chairs, casual atmosphere),Semi-realistic,"An 18-year-old girl named Amelia talking to a middle-aged man named Prof. Hawthorne in a cafe. Amelia has fair skin, long brown hair, and blue eyes. Prof. Hawthorne has light skin, short gray hair, and glasses. Amelia is wearing casual clothes. Prof. Hawthorne is wearing a suit. The cafe has tables, chairs, and a casual atmosphere. Semi-realistic art style.","A [character age]-year-old [character descriptions] talking in a cafe. The cafe has [environment details]. [Artstyle] art style."
7_continues.rpy,show hawthorne_nodding,Prof. Hawthorne (middle-aged, light skin, short gray hair, glasses, wearing a suit, nodding),Cafe (tables, chairs, casual atmosphere),Semi-realistic,"A middle-aged man named Prof. Hawthorne nodding in a cafe. Prof. Hawthorne has light skin, short gray hair, and glasses. He is wearing a suit. The cafe has tables, chairs, and a casual atmosphere. Semi-realistic art style.","A [character age]-year-old [character description] nodding in a cafe. The cafe has [environment details]. [Artstyle] art style."
7_continues.rpy,show amelia_excited,Amelia (18, fair skin, long brown hair, blue eyes, looking excited, wearing casual clothes),Cafe (tables, chairs, casual atmosphere),Semi-realistic,"An 18-year-old girl named Amelia looking excited in a cafe. Amelia has fair skin, long brown hair, and blue eyes. She is wearing casual clothes. The cafe has tables, chairs, and a casual atmosphere. Semi-realistic art style.","A [character age]-year-old [character description] looking excited in a cafe. The cafe has [environment details]. [Artstyle] art style."
7_continues.rpy,show hawthorne_nodding,Prof. Hawthorne (middle-aged, light skin, short gray hair, glasses, wearing a suit, nodding),Cafe (tables, chairs, casual atmosphere),Semi-realistic,"A middle-aged man named Prof. Hawthorne nodding in a cafe. Prof. Hawthorne has light skin, short gray hair, and glasses. He is wearing a suit. The cafe has tables, chairs, and a casual atmosphere. Semi-realistic art style.","A [character age]-year-old [character description] nodding in a cafe. The cafe has [environment details]. [Artstyle] art style."
7_continues.rpy,show amelia_talking_professor,Amelia and Professor (18, fair skin, long brown hair/middle-aged, light skin, short gray hair, blue eyes/gray eyes, wearing casual clothes/suit, talking),Lecture hall (seats, stage, academic atmosphere),Semi-realistic,"An 18-year-old girl named Amelia talking to a middle-aged professor in a lecture hall. Amelia has fair skin, long brown hair, and blue eyes. The professor has light skin, short gray hair, and gray eyes. Amelia is wearing casual clothes. The professor is wearing a suit. The lecture hall has seats, a stage, and an academic atmosphere. Semi-realistic art style.","A [character age]-year-old [character descriptions] talking in a lecture hall. The lecture hall has [environment details]. [Artstyle] art style."
7_continues.rpy,show professor_smiling,Professor (middle-aged, light skin, short gray hair, gray eyes, wearing a suit, smiling),Lecture hall (seats, stage, academic atmosphere),Semi-realistic,"A middle-aged professor with light skin, short gray hair, and gray eyes smiling in a lecture hall. The professor is wearing a suit. The lecture hall has seats, a stage, and an academic atmosphere. Semi-realistic art style.","A [character age]-year-old [character description] smiling in a lecture hall. The lecture hall has [environment details]. [Artstyle] art style."
7_continues.rpy,show amelia_studying_occult_books,Amelia (18, fair skin, long brown hair, blue eyes, studying occult books, wearing casual clothes),Library (bookshelves, study tables, quiet atmosphere),Semi-realistic,"An 18-year-old girl named Amelia studying occult books in the library. Amelia has fair skin, long brown hair, and blue eyes. She is wearing casual clothes. The library has bookshelves, study tables, and a quiet atmosphere. Semi-realistic art style.","A [character age]-year-old [character description] studying occult books in the library. The library has [environment details]. [Artstyle] art style."
7_continues.rpy,show amelia_reading_rituals,Amelia (18, fair skin, long brown hair, blue eyes, reading about rituals, wearing casual clothes),Library (bookshelves, study tables, quiet atmosphere),Semi-realistic,"An 18-year-old girl named Amelia reading about rituals in the library. Amelia has fair skin, long brown hair, and blue eyes. She is wearing casual clothes. The library has bookshelves, study tables, and a quiet atmosphere. Semi-realistic art style.","A [character age]-year-old [character description] reading about rituals in the library. The library has [environment details]. [Artstyle] art style."
7_continues.rpy,show amelia_fascinated_rituals,Amelia (18, fair skin, long brown hair, blue eyes, looking fascinated, wearing casual clothes),Library (bookshelves, study tables, quiet atmosphere),Semi-realistic,"An 18-year-old girl named Amelia looking fascinated while reading about rituals in the library. Amelia has fair skin, long brown hair, and blue eyes. She is wearing casual clothes. The library has bookshelves, study tables, and a quiet atmosphere. Semi-realistic art style.","A [character age]-year-old [character description] looking fascinated while reading about rituals in the library. The library has [environment details]. [Artstyle] art style."
7_continues.rpy,show amelia_performing_ritual,Amelia (18, fair skin, long brown hair, blue eyes, performing a ritual, wearing casual clothes),Library (bookshelves, study tables, quiet atmosphere),Semi-realistic,"An 18-year-old girl named Amelia performing a ritual in the library. Amelia has fair skin, long brown hair, and blue eyes. She is wearing casual clothes. The library has bookshelves, study tables, and a quiet atmosphere. Semi-realistic art style.","A [character age]-year-old [character description] performing a ritual in the library. The library has [environment details]. [Artstyle] art style."
7_continues.rpy,show amelia_mystical_experience,Amelia (18, fair skin, long brown hair, blue eyes, having a mystical experience, wearing casual clothes),Library (bookshelves, study tables, quiet atmosphere),Semi-realistic,"An 18-year-old girl named Amelia having a mystical experience in the library. Amelia has fair skin, long brown hair, and blue eyes. She is wearing casual clothes. The library has bookshelves, study tables, and a quiet atmosphere. Semi-realistic art style.","A [character age]-year-old [character description] having a mystical experience in the library. The library has [environment details]. [Artstyle] art style."
7_continues.rpy,show amelia_writing_notes,Amelia (18, fair skin, long brown hair, blue eyes, writing notes, wearing casual clothes),Library (bookshelves, study tables, quiet atmosphere),Semi-realistic,"An 18-year-old girl named Amelia writing notes in the library. Amelia has fair skin, long brown hair, and blue eyes. She is wearing casual clothes. The library has bookshelves, study tables, and a quiet atmosphere. Semi-realistic art style.","A [character age]-year-old [character description] writing notes in the library. The library has [environment details]. [Artstyle] art style."
7_continues.rpy,show amelia_reading_symbols,Amelia (18, fair skin, long brown hair, blue eyes, reading about mystical symbols, wearing casual clothes),Library (bookshelves, study tables, quiet atmosphere),Semi-realistic,"An 18-year-old girl named Amelia reading about mystical symbols in the library. Amelia has fair skin, long brown hair, and blue eyes. She is wearing casual clothes. The library has bookshelves, study tables, and a quiet atmosphere. Semi-realistic art style.","A [character age]-year-old [character description] reading about mystical symbols in the library. The library has [environment details]. [Artstyle] art style."
7_continues.rpy,show amelia_fascinated_symbols,Amelia (18, fair skin, long brown hair, blue eyes, looking fascinated, wearing casual clothes),Library (bookshelves, study tables, quiet atmosphere),Semi-realistic,"An 18-year-old girl named Amelia looking fascinated while reading about mystical symbols in the library. Amelia has fair skin, long brown hair, and blue eyes. She is wearing casual clothes. The library has bookshelves, study tables, and a quiet atmosphere. Semi-realistic art style.","A [character age]-year-old [character description] looking fascinated while reading about mystical symbols in the library. The library has [environment details]. [Artstyle] art style."
7_continues.rpy,show amelia_drawing_symbols,Amelia (18, fair skin, long brown hair, blue eyes, drawing mystical symbols, wearing casual clothes),Library (bookshelves, study tables, quiet atmosphere),Semi-realistic,"An 18-year-old girl named Amelia drawing mystical symbols in the library. Amelia has fair skin, long brown hair, and blue eyes. She is wearing casual clothes. The library has bookshelves, study tables, and a quiet atmosphere. Semi-realistic art style.","A [character age]-year-old [character description] drawing mystical symbols in the library. The library has [environment details]. [Artstyle] art style."
7_continues.rpy,show amelia_analyzing_symbols,Amelia (18, fair skin, long brown hair, blue eyes, analyzing mystical symbols, wearing casual clothes),Library (bookshelves, study tables, quiet atmosphere),Semi-realistic,"An 18-year-old girl named Amelia analyzing mystical symbols in the library. Amelia has fair skin, long brown hair, and blue eyes. She is wearing casual clothes. The library has bookshelves, study tables, and a quiet atmosphere. Semi-realistic art style.","A [character age]-year-old [character description] analyzing mystical symbols in the library. The library has [environment details]. [Artstyle] art style."
7_continues.rpy,show amelia_reading_figures,Amelia (18, fair skin, long brown hair, blue eyes, reading about historical figures, wearing casual clothes),Library (bookshelves, study tables, quiet atmosphere),Semi-realistic,"An 18-year-old girl named Amelia reading about historical figures in the library. Amelia has fair skin, long brown hair, and blue eyes. She is wearing casual clothes. The library has bookshelves, study tables, and a quiet atmosphere. Semi-realistic art style.","A [character age]-year-old [character description] reading about historical figures in the library. The library has [environment details]. [Artstyle] art style."
7_continues.rpy,show amelia_fascinated_figures,Amelia (18, fair skin, long brown hair, blue eyes, looking fascinated, wearing casual clothes),Library (bookshelves, study tables, quiet atmosphere),Semi-realistic,"An 18-year-old girl named Amelia looking fascinated while reading about historical figures in the library. Amelia has fair skin, long brown hair, and blue eyes. She is wearing casual clothes. The library has bookshelves, study tables, and a quiet atmosphere. Semi-realistic art style.","A [character age]-year-old [character description] looking fascinated while reading about historical figures in the library. The library has [environment details]. [Artstyle] art style."
7_continues.rpy,show amelia_writing_paper,Amelia (18, fair skin, long brown hair, blue eyes, writing a research paper, wearing casual clothes),Library (bookshelves, study tables, quiet atmosphere),Semi-realistic,"An 18-year-old girl named Amelia writing a research paper in the library. Amelia has fair skin, long brown hair, and blue eyes. She is wearing casual clothes. The library has bookshelves, study tables, and a quiet atmosphere. Semi-realistic art style.","A [character age]-year-old [character description] writing a research paper in the library. The library has [environment details]. [Artstyle] art style."
7_continues.rpy,show amelia_proud_paper,Amelia (18, fair skin, long brown hair, blue eyes, looking proud, wearing casual clothes),Library (bookshelves, study tables, quiet atmosphere),Semi-realistic,"An 18-year-old girl named Amelia looking proud while writing a research paper in the library. Amelia has fair skin, long brown hair, and blue eyes. She is wearing casual clothes. The library has bookshelves, study tables, and a quiet atmosphere. Semi-realistic art style.","A [character age]-year-old [character description] looking proud while writing a research paper in the library. The library has [environment details]. [Artstyle] art style."
7_continues.rpy,show amelia_creating_presentation,Amelia (18, fair skin, long brown hair, blue eyes, creating a presentation, wearing casual clothes),Library (bookshelves, study tables, quiet atmosphere),Semi-realistic,"An 18-year-old girl named Amelia creating a presentation in the library. Amelia has fair skin, long brown hair, and blue eyes. She is wearing casual clothes. The library has bookshelves, study tables, and a quiet atmosphere. Semi-realistic art style.","A [character age]-year-old [character description] creating a presentation in the library. The library has [environment details]. [Artstyle] art style."
7_continues.rpy,show amelia_proud_presentation,Amelia (18, fair skin, long brown hair, blue eyes, looking proud, wearing casual clothes),Library (bookshelves, study tables, quiet atmosphere),Semi-realistic,"An 18-year-old girl named Amelia looking proud while creating a presentation in the library. Amelia has fair skin, long brown hair, and blue eyes. She is wearing casual clothes. The library has bookshelves, study tables, and a quiet atmosphere. Semi-realistic art style.","A [character age]-year-old [character description] looking proud while creating a presentation in the library. The library has [environment details]. [Artstyle] art style."
7_continues.rpy,show amelia_dorm_evening,Amelia (18, fair skin, long brown hair, blue eyes, looking reflective, wearing casual clothes),Dorm room (study desk, bed, personal items, evening lighting),Semi-realistic,"An 18-year-old girl named Amelia in her dorm room in the evening, looking reflective. Amelia has fair skin, long brown hair, and blue eyes. She is wearing casual clothes. The dorm room has a study desk, a bed, and personal items with evening lighting. Semi-realistic art style.","A [character age]-year-old [character description] in her dorm room in the evening, looking reflective. The dorm room has [environment details]. [Artstyle] art style."
7_continues.rpy,show amelia_reflective_evening,Amelia (18, fair skin, long brown hair, blue eyes, looking reflective, wearing casual clothes),Dorm room (study desk, bed, personal items, evening lighting),Semi-realistic,"An 18-year-old girl named Amelia in her dorm room in the evening, looking reflective. Amelia has fair skin, long brown hair, and blue eyes. She is wearing casual clothes. The dorm room has a study desk, a bed, and personal items with evening lighting. Semi-realistic art style.","A [character age]-year-old [character description] in her dorm room in the evening, looking reflective. The dorm room has [environment details]. [Artstyle] art style."